#
# There is insufficient memory for the Java Runtime Environment to continue.
# Native memory allocation (malloc) failed to allocate 2040208 bytes. Error detail: Chunk::new
# Possible reasons:
#   The system is out of physical RAM or swap space
#   This process is running with CompressedOops enabled, and the Java Heap may be blocking the growth of the native heap
# Possible solutions:
#   Reduce memory load on the system
#   Increase physical memory or swap space
#   Check if swap backing store is full
#   Decrease Java heap size (-Xmx/-Xms)
#   Decrease number of Java threads
#   Decrease Java thread stack sizes (-Xss)
#   Set larger code cache with -XX:ReservedCodeCacheSize=
#   JVM is running with Zero Based Compressed Oops mode in which the Java heap is
#     placed in the first 32GB address space. The Java Heap base address is the
#     maximum limit for the native heap growth. Please use -XX:HeapBaseMinAddress
#     to set the Java Heap base and to place the Java Heap above 32GB virtual address.
# This output file may be truncated or incomplete.
#
#  Out of Memory Error (arena.cpp:191), pid=152436, tid=152108
#
# JRE version: OpenJDK Runtime Environment Temurin-17.0.17+10 (17.0.17+10) (build 17.0.17+10)
# Java VM: OpenJDK 64-Bit Server VM Temurin-17.0.17+10 (17.0.17+10, mixed mode, sharing, tiered, compressed oops, compressed class ptrs, g1 gc, windows-amd64)
# No core dump will be written. Minidumps are not enabled by default on client versions of Windows
#

---------------  S U M M A R Y ------------

Command Line: --enable-native-access=ALL-UNNAMED -Dclassworlds.conf=C:\Program Files\Apache\apache-maven-3.9.11\bin\m2.conf -Dmaven.home=C:\Program Files\Apache\apache-maven-3.9.11 -Dlibrary.jansi.path=C:\Program Files\Apache\apache-maven-3.9.11\lib\jansi-native -Dmaven.multiModuleProjectDirectory=C:\Users\Devansh\Desktop\ITR-FilingWebsite-main\ITR-FilingWebsite-main\backend org.codehaus.plexus.classworlds.launcher.Launcher compile -q

Host: Intel(R) Core(TM) Ultra 7 155H, 22 cores, 15G,  Windows 11 , 64 bit Build 26100 (10.0.26100.8246)
Time: Fri May 22 05:23:41 2026 India Standard Time elapsed time: 12.422461 seconds (0d 0h 0m 12s)

---------------  T H R E A D  ---------------

Current thread (0x000001e821fce530):  JavaThread "C2 CompilerThread0" daemon [_thread_in_native, id=152108, stack(0x0000002b1ac00000,0x0000002b1ad00000)]


Current CompileTask:
C2:12422 12186       4       com.sun.tools.javac.comp.Resolve::isAccessible (394 bytes)

Stack: [0x0000002b1ac00000,0x0000002b1ad00000]
Native frames: (J=compiled Java code, j=interpreted, Vv=VM code, C=native code)
V  [jvm.dll+0x683fb9]
V  [jvm.dll+0x83a1b5]
V  [jvm.dll+0x83bc2e]
V  [jvm.dll+0x83c2b3]
V  [jvm.dll+0x248eff]
V  [jvm.dll+0xad496]
V  [jvm.dll+0xadb3c]
V  [jvm.dll+0x368a3e]
V  [jvm.dll+0x332fa5]
V  [jvm.dll+0x33240a]
V  [jvm.dll+0x219db9]
V  [jvm.dll+0x219200]
V  [jvm.dll+0x1a4920]
V  [jvm.dll+0x22989a]
V  [jvm.dll+0x227a4b]
V  [jvm.dll+0x7effb8]
V  [jvm.dll+0x7ea44c]
V  [jvm.dll+0x682e87]
C  [ucrtbase.dll+0x37b0]
C  [KERNEL32.DLL+0x2e8d7]
C  [ntdll.dll+0x8c3fc]


---------------  P R O C E S S  ---------------

Threads class SMR info:
_java_thread_list=0x000001e86acda940, length=17, elements={
0x000001e87e670600, 0x000001e821fa7ca0, 0x000001e821fa93d0, 0x000001e821fc2530,
0x000001e821fc4f00, 0x000001e821fc8440, 0x000001e821fc8e00, 0x000001e821fce530,
0x000001e8226ce020, 0x000001e8226f04c0, 0x000001e822805a60, 0x000001e822833f60,
0x000001e82283c8c0, 0x000001e822843480, 0x000001e86ad7a590, 0x000001e86ad795a0,
0x000001e869631d10
}

Java Threads: ( => current thread )
  0x000001e87e670600 JavaThread "main" [_thread_in_Java, id=66984, stack(0x0000002b19f00000,0x0000002b1a000000)]
  0x000001e821fa7ca0 JavaThread "Reference Handler" daemon [_thread_blocked, id=152036, stack(0x0000002b1a600000,0x0000002b1a700000)]
  0x000001e821fa93d0 JavaThread "Finalizer" daemon [_thread_blocked, id=90272, stack(0x0000002b1a700000,0x0000002b1a800000)]
  0x000001e821fc2530 JavaThread "Signal Dispatcher" daemon [_thread_blocked, id=155236, stack(0x0000002b1a800000,0x0000002b1a900000)]
  0x000001e821fc4f00 JavaThread "Attach Listener" daemon [_thread_blocked, id=118096, stack(0x0000002b1a900000,0x0000002b1aa00000)]
  0x000001e821fc8440 JavaThread "Service Thread" daemon [_thread_blocked, id=154480, stack(0x0000002b1aa00000,0x0000002b1ab00000)]
  0x000001e821fc8e00 JavaThread "Monitor Deflation Thread" daemon [_thread_blocked, id=149176, stack(0x0000002b1ab00000,0x0000002b1ac00000)]
=>0x000001e821fce530 JavaThread "C2 CompilerThread0" daemon [_thread_in_native, id=152108, stack(0x0000002b1ac00000,0x0000002b1ad00000)]
  0x000001e8226ce020 JavaThread "C1 CompilerThread0" daemon [_thread_blocked, id=151360, stack(0x0000002b1ad00000,0x0000002b1ae00000)]
  0x000001e8226f04c0 JavaThread "Sweeper thread" daemon [_thread_blocked, id=155612, stack(0x0000002b1ae00000,0x0000002b1af00000)]
  0x000001e822805a60 JavaThread "C1 CompilerThread1" daemon [_thread_blocked, id=147636, stack(0x0000002b1af00000,0x0000002b1b000000)]
  0x000001e822833f60 JavaThread "C1 CompilerThread2" daemon [_thread_blocked, id=28724, stack(0x0000002b1b000000,0x0000002b1b100000)]
  0x000001e82283c8c0 JavaThread "Notification Thread" daemon [_thread_blocked, id=152248, stack(0x0000002b1b100000,0x0000002b1b200000)]
  0x000001e822843480 JavaThread "Common-Cleaner" daemon [_thread_blocked, id=110876, stack(0x0000002b1b300000,0x0000002b1b400000)]
  0x000001e86ad7a590 JavaThread "C2 CompilerThread1" daemon [_thread_in_native, id=151596, stack(0x0000002b1b400000,0x0000002b1b500000)]
  0x000001e86ad795a0 JavaThread "C2 CompilerThread2" daemon [_thread_in_native, id=150356, stack(0x0000002b1b500000,0x0000002b1b600000)]
  0x000001e869631d10 JavaThread "C1 CompilerThread3" daemon [_thread_blocked, id=97196, stack(0x0000002b1b600000,0x0000002b1b700000)]

Other Threads:
  0x000001e821fa1f50 VMThread "VM Thread" [stack: 0x0000002b1a500000,0x0000002b1a600000] [id=152824]
  0x000001e822840dc0 WatcherThread [stack: 0x0000002b1b200000,0x0000002b1b300000] [id=154416]
  0x000001e87e6dbd70 GCTaskThread "GC Thread#0" [stack: 0x0000002b1a000000,0x0000002b1a100000] [id=136032]
  0x000001e822975b60 GCTaskThread "GC Thread#1" [stack: 0x0000002b1ba00000,0x0000002b1bb00000] [id=122392]
  0x000001e8686311a0 GCTaskThread "GC Thread#2" [stack: 0x0000002b1bb00000,0x0000002b1bc00000] [id=152924]
  0x000001e868722c40 GCTaskThread "GC Thread#3" [stack: 0x0000002b1bc00000,0x0000002b1bd00000] [id=45980]
  0x000001e868a49e50 GCTaskThread "GC Thread#4" [stack: 0x0000002b1bd00000,0x0000002b1be00000] [id=149576]
  0x000001e868a4ad30 GCTaskThread "GC Thread#5" [stack: 0x0000002b1be00000,0x0000002b1bf00000] [id=154300]
  0x000001e8686cb1d0 GCTaskThread "GC Thread#6" [stack: 0x0000002b1bf00000,0x0000002b1c000000] [id=151996]
  0x000001e8697a6cd0 GCTaskThread "GC Thread#7" [stack: 0x0000002b1b900000,0x0000002b1ba00000] [id=154664]
  0x000001e868d29df0 GCTaskThread "GC Thread#8" [stack: 0x0000002b1c000000,0x0000002b1c100000] [id=151876]
  0x000001e86b22ecb0 GCTaskThread "GC Thread#9" [stack: 0x0000002b1c100000,0x0000002b1c200000] [id=149616]
  0x000001e86a83ba90 GCTaskThread "GC Thread#10" [stack: 0x0000002b1c200000,0x0000002b1c300000] [id=117332]
  0x000001e869ec3a80 GCTaskThread "GC Thread#11" [stack: 0x0000002b1c300000,0x0000002b1c400000] [id=150236]
  0x000001e869ec4dc0 GCTaskThread "GC Thread#12" [stack: 0x0000002b1c400000,0x0000002b1c500000] [id=151728]
  0x000001e869ec3240 GCTaskThread "GC Thread#13" [stack: 0x0000002b1c500000,0x0000002b1c600000] [id=155536]
  0x000001e869ec4000 GCTaskThread "GC Thread#14" [stack: 0x0000002b1c600000,0x0000002b1c700000] [id=154928]
  0x000001e869ec42c0 GCTaskThread "GC Thread#15" [stack: 0x0000002b1c700000,0x0000002b1c800000] [id=80604]
  0x000001e87e6ed360 ConcurrentGCThread "G1 Main Marker" [stack: 0x0000002b1a100000,0x0000002b1a200000] [id=154376]
  0x000001e87e6edd80 ConcurrentGCThread "G1 Conc#0" [stack: 0x0000002b1a200000,0x0000002b1a300000] [id=149372]
  0x000001e869ec3500 ConcurrentGCThread "G1 Conc#1" [stack: 0x0000002b1c800000,0x0000002b1c900000] [id=149764]
  0x000001e869ec4580 ConcurrentGCThread "G1 Conc#2" [stack: 0x0000002b1c900000,0x0000002b1ca00000] [id=153168]
  0x000001e869ec37c0 ConcurrentGCThread "G1 Conc#3" [stack: 0x0000002b1ca00000,0x0000002b1cb00000] [id=128120]
  0x000001e87e71ea60 ConcurrentGCThread "G1 Refine#0" [stack: 0x0000002b1a300000,0x0000002b1a400000] [id=153988]
  0x000001e822a3ecd0 ConcurrentGCThread "G1 Refine#1" [stack: 0x0000002b1cb00000,0x0000002b1cc00000] [id=155204]
  0x000001e8695077c0 ConcurrentGCThread "G1 Refine#2" [stack: 0x0000002b1cc00000,0x0000002b1cd00000] [id=114104]
  0x000001e86ccef070 ConcurrentGCThread "G1 Refine#3" [stack: 0x0000002b1cd00000,0x0000002b1ce00000] [id=155212]
  0x000001e86ccef360 ConcurrentGCThread "G1 Refine#4" [stack: 0x0000002b1ce00000,0x0000002b1cf00000] [id=151016]
  0x000001e86ccf0210 ConcurrentGCThread "G1 Refine#5" [stack: 0x0000002b1cf00000,0x0000002b1d000000] [id=152500]
  0x000001e86ccef650 ConcurrentGCThread "G1 Refine#6" [stack: 0x0000002b1d000000,0x0000002b1d100000] [id=16972]
  0x000001e86b4ad1b0 ConcurrentGCThread "G1 Refine#7" [stack: 0x0000002b1d100000,0x0000002b1d200000] [id=152196]
  0x000001e86b4ad4a0 ConcurrentGCThread "G1 Refine#8" [stack: 0x0000002b1d200000,0x0000002b1d300000] [id=154120]
  0x000001e86b4ae640 ConcurrentGCThread "G1 Refine#9" [stack: 0x0000002b1d300000,0x0000002b1d400000] [id=154512]
  0x000001e86b4ae350 ConcurrentGCThread "G1 Refine#10" [stack: 0x0000002b1d400000,0x0000002b1d500000] [id=153364]
  0x000001e86b4aae70 ConcurrentGCThread "G1 Refine#11" [stack: 0x0000002b1d500000,0x0000002b1d600000] [id=149152]
  0x000001e86b4ad790 ConcurrentGCThread "G1 Refine#12" [stack: 0x0000002b1d600000,0x0000002b1d700000] [id=155056]
  0x000001e86b4ada80 ConcurrentGCThread "G1 Refine#13" [stack: 0x0000002b1d700000,0x0000002b1d800000] [id=154072]
  0x000001e821ed8e00 ConcurrentGCThread "G1 Service" [stack: 0x0000002b1a400000,0x0000002b1a500000] [id=150784]

Threads with active compile tasks:
C2 CompilerThread0  12477 12186       4       com.sun.tools.javac.comp.Resolve::isAccessible (394 bytes)
C2 CompilerThread1  12477 12085       4       com.sun.tools.javac.comp.Attr$ResultInfo::check (21 bytes)
C2 CompilerThread2  12477 12086       4       com.sun.tools.javac.comp.Check::checkType (168 bytes)

VM state: not at safepoint (normal execution)

VM Mutex/Monitor currently owned by a thread: None

Heap address: 0x0000000706200000, size: 3998 MB, Compressed Oops mode: Zero based, Oop shift amount: 3

CDS archive(s) mapped at: [0x000001e823000000-0x000001e823bb0000-0x000001e823bb0000), size 12255232, SharedBaseAddress: 0x000001e823000000, ArchiveRelocationMode: 1.
Compressed class space mapped at: 0x000001e824000000-0x000001e864000000, reserved size: 1073741824
Narrow klass base: 0x000001e823000000, Narrow klass shift: 0, Narrow klass range: 0x100000000

GC Precious Log:
 CPUs: 22 total, 22 available
 Memory: 15989M
 Large Page Support: Disabled
 NUMA Support: Disabled
 Compressed Oops: Enabled (Zero based)
 Heap Region Size: 2M
 Heap Min Capacity: 8M
 Heap Initial Capacity: 250M
 Heap Max Capacity: 3998M
 Pre-touch: Disabled
 Parallel Workers: 16
 Concurrent Workers: 4
 Concurrent Refinement Workers: 16
 Periodic GC: Disabled

Heap:
 garbage-first heap   total 997376K, used 446934K [0x0000000706200000, 0x0000000800000000)
  region size 2048K, 104 young (212992K), 16 survivors (32768K)
 Metaspace       used 32661K, committed 33024K, reserved 1114112K
  class space    used 3521K, committed 3712K, reserved 1048576K

Heap Regions: E=young(eden), S=young(survivor), O=old, HS=humongous(starts), HC=humongous(continues), CS=collection set, F=free, OA=open archive, CA=closed archive, TAMS=top-at-mark-start (previous, next)
|   0|0x0000000706200000, 0x0000000706400000, 0x0000000706400000|100%| O|  |TAMS 0x0000000706400000, 0x0000000706200000| Untracked 
|   1|0x0000000706400000, 0x0000000706600000, 0x0000000706600000|100%| O|  |TAMS 0x0000000706600000, 0x0000000706400000| Untracked 
|   2|0x0000000706600000, 0x0000000706800000, 0x0000000706800000|100%| O|  |TAMS 0x0000000706800000, 0x0000000706600000| Untracked 
|   3|0x0000000706800000, 0x0000000706a00000, 0x0000000706a00000|100%| O|  |TAMS 0x0000000706a00000, 0x0000000706800000| Untracked 
|   4|0x0000000706a00000, 0x0000000706c00000, 0x0000000706c00000|100%| O|  |TAMS 0x0000000706c00000, 0x0000000706a00000| Untracked 
|   5|0x0000000706c00000, 0x0000000706e00000, 0x0000000706e00000|100%| O|  |TAMS 0x0000000706e00000, 0x0000000706c00000| Untracked 
|   6|0x0000000706e00000, 0x0000000707000000, 0x0000000707000000|100%| O|  |TAMS 0x0000000707000000, 0x0000000706e00000| Untracked 
|   7|0x0000000707000000, 0x0000000707200000, 0x0000000707200000|100%| O|  |TAMS 0x0000000707200000, 0x0000000707000000| Untracked 
|   8|0x0000000707200000, 0x0000000707400000, 0x0000000707400000|100%| O|  |TAMS 0x0000000707400000, 0x0000000707200000| Untracked 
|   9|0x0000000707400000, 0x0000000707600000, 0x0000000707600000|100%| O|  |TAMS 0x0000000707600000, 0x0000000707400000| Untracked 
|  10|0x0000000707600000, 0x0000000707800000, 0x0000000707800000|100%| O|  |TAMS 0x0000000707800000, 0x0000000707600000| Untracked 
|  11|0x0000000707800000, 0x0000000707a00000, 0x0000000707a00000|100%| O|  |TAMS 0x0000000707a00000, 0x0000000707800000| Untracked 
|  12|0x0000000707a00000, 0x0000000707c00000, 0x0000000707c00000|100%| O|  |TAMS 0x0000000707c00000, 0x0000000707a00000| Untracked 
|  13|0x0000000707c00000, 0x0000000707e00000, 0x0000000707e00000|100%| O|  |TAMS 0x0000000707e00000, 0x0000000707c00000| Untracked 
|  14|0x0000000707e00000, 0x0000000708000000, 0x0000000708000000|100%| O|  |TAMS 0x0000000708000000, 0x0000000707e00000| Untracked 
|  15|0x0000000708000000, 0x0000000708200000, 0x0000000708200000|100%| O|  |TAMS 0x0000000708200000, 0x0000000708000000| Untracked 
|  16|0x0000000708200000, 0x0000000708400000, 0x0000000708400000|100%| O|  |TAMS 0x0000000708400000, 0x0000000708200000| Untracked 
|  17|0x0000000708400000, 0x0000000708600000, 0x0000000708600000|100%| O|  |TAMS 0x0000000708600000, 0x0000000708400000| Untracked 
|  18|0x0000000708600000, 0x0000000708800000, 0x0000000708800000|100%| O|  |TAMS 0x00000007086fa400, 0x0000000708600000| Untracked 
|  19|0x0000000708800000, 0x0000000708a00000, 0x0000000708a00000|100%|HS|  |TAMS 0x0000000708a00000, 0x0000000708800000| Complete 
|  20|0x0000000708a00000, 0x0000000708c00000, 0x0000000708c00000|100%| O|  |TAMS 0x0000000708c00000, 0x0000000708a00000| Untracked 
|  21|0x0000000708c00000, 0x0000000708e00000, 0x0000000708e00000|100%| O|  |TAMS 0x0000000708e00000, 0x0000000708c00000| Untracked 
|  22|0x0000000708e00000, 0x0000000709000000, 0x0000000709000000|100%| O|  |TAMS 0x0000000709000000, 0x0000000708e00000| Untracked 
|  23|0x0000000709000000, 0x0000000709200000, 0x0000000709200000|100%| O|  |TAMS 0x0000000709200000, 0x0000000709000000| Untracked 
|  24|0x0000000709200000, 0x0000000709400000, 0x0000000709400000|100%| O|  |TAMS 0x0000000709400000, 0x0000000709200000| Untracked 
|  25|0x0000000709400000, 0x0000000709600000, 0x0000000709600000|100%| O|  |TAMS 0x0000000709400000, 0x0000000709400000| Untracked 
|  26|0x0000000709600000, 0x0000000709800000, 0x0000000709800000|100%| O|  |TAMS 0x0000000709600000, 0x0000000709600000| Untracked 
|  27|0x0000000709800000, 0x0000000709a00000, 0x0000000709a00000|100%| O|  |TAMS 0x0000000709800000, 0x0000000709800000| Untracked 
|  28|0x0000000709a00000, 0x0000000709c00000, 0x0000000709c00000|100%|HS|  |TAMS 0x0000000709a00000, 0x0000000709a00000| Complete 
|  29|0x0000000709c00000, 0x0000000709e00000, 0x0000000709e00000|100%| O|  |TAMS 0x0000000709c00000, 0x0000000709c00000| Untracked 
|  30|0x0000000709e00000, 0x000000070a000000, 0x000000070a000000|100%| O|  |TAMS 0x0000000709e00000, 0x0000000709e00000| Untracked 
|  31|0x000000070a000000, 0x000000070a200000, 0x000000070a200000|100%| O|  |TAMS 0x000000070a000000, 0x000000070a000000| Untracked 
|  32|0x000000070a200000, 0x000000070a400000, 0x000000070a400000|100%| O|  |TAMS 0x000000070a200000, 0x000000070a200000| Untracked 
|  33|0x000000070a400000, 0x000000070a600000, 0x000000070a600000|100%| O|  |TAMS 0x000000070a400000, 0x000000070a400000| Untracked 
|  34|0x000000070a600000, 0x000000070a800000, 0x000000070a800000|100%| O|  |TAMS 0x000000070a600000, 0x000000070a600000| Untracked 
|  35|0x000000070a800000, 0x000000070aa00000, 0x000000070aa00000|100%| O|  |TAMS 0x000000070a800000, 0x000000070a800000| Untracked 
|  36|0x000000070aa00000, 0x000000070ac00000, 0x000000070ac00000|100%| O|  |TAMS 0x000000070aa00000, 0x000000070aa00000| Untracked 
|  37|0x000000070ac00000, 0x000000070ae00000, 0x000000070ae00000|100%| O|  |TAMS 0x000000070ac00000, 0x000000070ac00000| Untracked 
|  38|0x000000070ae00000, 0x000000070b000000, 0x000000070b000000|100%|HS|  |TAMS 0x000000070ae00000, 0x000000070ae00000| Complete 
|  39|0x000000070b000000, 0x000000070b200000, 0x000000070b200000|100%| O|  |TAMS 0x000000070b000000, 0x000000070b000000| Untracked 
|  40|0x000000070b200000, 0x000000070b400000, 0x000000070b400000|100%| O|  |TAMS 0x000000070b200000, 0x000000070b200000| Untracked 
|  41|0x000000070b400000, 0x000000070b600000, 0x000000070b600000|100%| O|  |TAMS 0x000000070b400000, 0x000000070b400000| Untracked 
|  42|0x000000070b600000, 0x000000070b800000, 0x000000070b800000|100%| O|  |TAMS 0x000000070b600000, 0x000000070b600000| Untracked 
|  43|0x000000070b800000, 0x000000070ba00000, 0x000000070ba00000|100%| O|  |TAMS 0x000000070b800000, 0x000000070b800000| Untracked 
|  44|0x000000070ba00000, 0x000000070bc00000, 0x000000070bc00000|100%| O|  |TAMS 0x000000070ba00000, 0x000000070ba00000| Untracked 
|  45|0x000000070bc00000, 0x000000070be00000, 0x000000070be00000|100%| O|  |TAMS 0x000000070bc00000, 0x000000070bc00000| Untracked 
|  46|0x000000070be00000, 0x000000070c000000, 0x000000070c000000|100%| O|  |TAMS 0x000000070be00000, 0x000000070be00000| Untracked 
|  47|0x000000070c000000, 0x000000070c200000, 0x000000070c200000|100%| O|  |TAMS 0x000000070c000000, 0x000000070c000000| Untracked 
|  48|0x000000070c200000, 0x000000070c400000, 0x000000070c400000|100%|HS|  |TAMS 0x000000070c200000, 0x000000070c200000| Complete 
|  49|0x000000070c400000, 0x000000070c600000, 0x000000070c600000|100%|HC|  |TAMS 0x000000070c400000, 0x000000070c400000| Complete 
|  50|0x000000070c600000, 0x000000070c800000, 0x000000070c800000|100%| O|  |TAMS 0x000000070c600000, 0x000000070c600000| Untracked 
|  51|0x000000070c800000, 0x000000070ca00000, 0x000000070ca00000|100%| O|  |TAMS 0x000000070c800000, 0x000000070c800000| Untracked 
|  52|0x000000070ca00000, 0x000000070cc00000, 0x000000070cc00000|100%| O|  |TAMS 0x000000070ca00000, 0x000000070ca00000| Untracked 
|  53|0x000000070cc00000, 0x000000070ce00000, 0x000000070ce00000|100%| O|  |TAMS 0x000000070cc00000, 0x000000070cc00000| Untracked 
|  54|0x000000070ce00000, 0x000000070d000000, 0x000000070d000000|100%| O|  |TAMS 0x000000070ce00000, 0x000000070ce00000| Untracked 
|  55|0x000000070d000000, 0x000000070d200000, 0x000000070d200000|100%| O|  |TAMS 0x000000070d000000, 0x000000070d000000| Untracked 
|  56|0x000000070d200000, 0x000000070d400000, 0x000000070d400000|100%| O|  |TAMS 0x000000070d200000, 0x000000070d200000| Untracked 
|  57|0x000000070d400000, 0x000000070d600000, 0x000000070d600000|100%| O|  |TAMS 0x000000070d400000, 0x000000070d400000| Untracked 
|  58|0x000000070d600000, 0x000000070d800000, 0x000000070d800000|100%|HS|  |TAMS 0x000000070d600000, 0x000000070d600000| Complete 
|  59|0x000000070d800000, 0x000000070da00000, 0x000000070da00000|100%|HC|  |TAMS 0x000000070d800000, 0x000000070d800000| Complete 
|  60|0x000000070da00000, 0x000000070dc00000, 0x000000070dc00000|100%|HC|  |TAMS 0x000000070da00000, 0x000000070da00000| Complete 
|  61|0x000000070dc00000, 0x000000070de00000, 0x000000070de00000|100%|HS|  |TAMS 0x000000070dc00000, 0x000000070dc00000| Complete 
|  62|0x000000070de00000, 0x000000070e000000, 0x000000070e000000|100%|HC|  |TAMS 0x000000070de00000, 0x000000070de00000| Complete 
|  63|0x000000070e000000, 0x000000070e200000, 0x000000070e200000|100%|HS|  |TAMS 0x000000070e000000, 0x000000070e000000| Complete 
|  64|0x000000070e200000, 0x000000070e400000, 0x000000070e400000|100%|HS|  |TAMS 0x000000070e200000, 0x000000070e200000| Complete 
|  65|0x000000070e400000, 0x000000070e600000, 0x000000070e600000|100%| O|  |TAMS 0x000000070e400000, 0x000000070e400000| Untracked 
|  66|0x000000070e600000, 0x000000070e800000, 0x000000070e800000|100%| O|  |TAMS 0x000000070e600000, 0x000000070e600000| Untracked 
|  67|0x000000070e800000, 0x000000070ea00000, 0x000000070ea00000|100%| O|  |TAMS 0x000000070e800000, 0x000000070e800000| Untracked 
|  68|0x000000070ea00000, 0x000000070ec00000, 0x000000070ec00000|100%| O|  |TAMS 0x000000070ea00000, 0x000000070ea00000| Untracked 
|  69|0x000000070ec00000, 0x000000070ee00000, 0x000000070ee00000|100%| O|  |TAMS 0x000000070ec00000, 0x000000070ec00000| Untracked 
|  70|0x000000070ee00000, 0x000000070f000000, 0x000000070f000000|100%| O|  |TAMS 0x000000070ee00000, 0x000000070ee00000| Untracked 
|  71|0x000000070f000000, 0x000000070f200000, 0x000000070f200000|100%| O|  |TAMS 0x000000070f000000, 0x000000070f000000| Untracked 
|  72|0x000000070f200000, 0x000000070f400000, 0x000000070f400000|100%| O|  |TAMS 0x000000070f200000, 0x000000070f200000| Untracked 
|  73|0x000000070f400000, 0x000000070f600000, 0x000000070f600000|100%| O|  |TAMS 0x000000070f400000, 0x000000070f400000| Untracked 
|  74|0x000000070f600000, 0x000000070f800000, 0x000000070f800000|100%| O|  |TAMS 0x000000070f600000, 0x000000070f600000| Untracked 
|  75|0x000000070f800000, 0x000000070fa00000, 0x000000070fa00000|100%| O|  |TAMS 0x000000070f800000, 0x000000070f800000| Untracked 
|  76|0x000000070fa00000, 0x000000070fc00000, 0x000000070fc00000|100%| O|  |TAMS 0x000000070fa00000, 0x000000070fa00000| Untracked 
|  77|0x000000070fc00000, 0x000000070fe00000, 0x000000070fe00000|100%| O|  |TAMS 0x000000070fc00000, 0x000000070fc00000| Untracked 
|  78|0x000000070fe00000, 0x0000000710000000, 0x0000000710000000|100%| O|  |TAMS 0x000000070fe00000, 0x000000070fe00000| Untracked 
|  79|0x0000000710000000, 0x0000000710200000, 0x0000000710200000|100%|HS|  |TAMS 0x0000000710000000, 0x0000000710000000| Complete 
|  80|0x0000000710200000, 0x0000000710400000, 0x0000000710400000|100%|HS|  |TAMS 0x0000000710200000, 0x0000000710200000| Complete 
|  81|0x0000000710400000, 0x0000000710600000, 0x0000000710600000|100%| O|  |TAMS 0x0000000710400000, 0x0000000710400000| Untracked 
|  82|0x0000000710600000, 0x0000000710800000, 0x0000000710800000|100%| O|  |TAMS 0x0000000710600000, 0x0000000710600000| Untracked 
|  83|0x0000000710800000, 0x0000000710a00000, 0x0000000710a00000|100%| O|  |TAMS 0x0000000710800000, 0x0000000710800000| Untracked 
|  84|0x0000000710a00000, 0x0000000710c00000, 0x0000000710c00000|100%| O|  |TAMS 0x0000000710a00000, 0x0000000710a00000| Untracked 
|  85|0x0000000710c00000, 0x0000000710e00000, 0x0000000710e00000|100%| O|  |TAMS 0x0000000710c00000, 0x0000000710c00000| Untracked 
|  86|0x0000000710e00000, 0x0000000711000000, 0x0000000711000000|100%| O|  |TAMS 0x0000000710e00000, 0x0000000710e00000| Untracked 
|  87|0x0000000711000000, 0x0000000711200000, 0x0000000711200000|100%| O|  |TAMS 0x0000000711000000, 0x0000000711000000| Untracked 
|  88|0x0000000711200000, 0x0000000711400000, 0x0000000711400000|100%|HS|  |TAMS 0x0000000711200000, 0x0000000711200000| Complete 
|  89|0x0000000711400000, 0x0000000711600000, 0x0000000711600000|100%|HS|  |TAMS 0x0000000711400000, 0x0000000711400000| Complete 
|  90|0x0000000711600000, 0x0000000711800000, 0x0000000711800000|100%|HS|  |TAMS 0x0000000711600000, 0x0000000711600000| Complete 
|  91|0x0000000711800000, 0x0000000711a00000, 0x0000000711a00000|100%|HS|  |TAMS 0x0000000711800000, 0x0000000711800000| Complete 
|  92|0x0000000711a00000, 0x0000000711c00000, 0x0000000711c00000|100%|HS|  |TAMS 0x0000000711a00000, 0x0000000711a00000| Complete 
|  93|0x0000000711c00000, 0x0000000711e00000, 0x0000000711e00000|100%|HS|  |TAMS 0x0000000711c00000, 0x0000000711c00000| Complete 
|  94|0x0000000711e00000, 0x0000000712000000, 0x0000000712000000|100%| O|  |TAMS 0x0000000711e00000, 0x0000000711e00000| Untracked 
|  95|0x0000000712000000, 0x0000000712200000, 0x0000000712200000|100%| O|  |TAMS 0x0000000712000000, 0x0000000712000000| Untracked 
|  96|0x0000000712200000, 0x0000000712400000, 0x0000000712400000|100%| O|  |TAMS 0x0000000712200000, 0x0000000712200000| Untracked 
|  97|0x0000000712400000, 0x0000000712600000, 0x0000000712600000|100%| O|  |TAMS 0x0000000712400000, 0x0000000712400000| Untracked 
|  98|0x0000000712600000, 0x0000000712800000, 0x0000000712800000|100%| O|  |TAMS 0x0000000712600000, 0x0000000712600000| Untracked 
|  99|0x0000000712800000, 0x0000000712a00000, 0x0000000712a00000|100%| O|  |TAMS 0x0000000712800000, 0x0000000712800000| Untracked 
| 100|0x0000000712a00000, 0x0000000712c00000, 0x0000000712c00000|100%| O|  |TAMS 0x0000000712a00000, 0x0000000712a00000| Untracked 
| 101|0x0000000712c00000, 0x0000000712e00000, 0x0000000712e00000|100%| O|  |TAMS 0x0000000712c00000, 0x0000000712c00000| Untracked 
| 102|0x0000000712e00000, 0x0000000713000000, 0x0000000713000000|100%| O|  |TAMS 0x0000000712e00000, 0x0000000712e00000| Untracked 
| 103|0x0000000713000000, 0x0000000713200000, 0x0000000713200000|100%|HS|  |TAMS 0x0000000713000000, 0x0000000713000000| Complete 
| 104|0x0000000713200000, 0x0000000713400000, 0x0000000713400000|100%|HS|  |TAMS 0x0000000713200000, 0x0000000713200000| Complete 
| 105|0x0000000713400000, 0x0000000713600000, 0x0000000713600000|100%|HS|  |TAMS 0x0000000713400000, 0x0000000713400000| Complete 
| 106|0x0000000713600000, 0x0000000713800000, 0x0000000713800000|100%|HS|  |TAMS 0x0000000713600000, 0x0000000713600000| Complete 
| 107|0x0000000713800000, 0x0000000713a00000, 0x0000000713a00000|100%|HS|  |TAMS 0x0000000713800000, 0x0000000713800000| Complete 
| 108|0x0000000713a00000, 0x0000000713c00000, 0x0000000713c00000|100%|HS|  |TAMS 0x0000000713a00000, 0x0000000713a00000| Complete 
| 109|0x0000000713c00000, 0x0000000713e00000, 0x0000000713e00000|100%| O|  |TAMS 0x0000000713c00000, 0x0000000713c00000| Untracked 
| 110|0x0000000713e00000, 0x0000000714000000, 0x0000000714000000|100%| O|  |TAMS 0x0000000713e00000, 0x0000000713e00000| Untracked 
| 111|0x0000000714000000, 0x0000000714200000, 0x0000000714200000|100%| O|  |TAMS 0x0000000714000000, 0x0000000714000000| Untracked 
| 112|0x0000000714200000, 0x000000071439f400, 0x0000000714400000| 81%| O|  |TAMS 0x0000000714200000, 0x0000000714200000| Untracked 
| 113|0x0000000714400000, 0x0000000714400000, 0x0000000714600000|  0%| F|  |TAMS 0x0000000714400000, 0x0000000714400000| Untracked 
| 114|0x0000000714600000, 0x0000000714600000, 0x0000000714800000|  0%| F|  |TAMS 0x0000000714600000, 0x0000000714600000| Untracked 
| 115|0x0000000714800000, 0x0000000714800000, 0x0000000714a00000|  0%| F|  |TAMS 0x0000000714800000, 0x0000000714800000| Untracked 
| 116|0x0000000714a00000, 0x0000000714a00000, 0x0000000714c00000|  0%| F|  |TAMS 0x0000000714a00000, 0x0000000714a00000| Untracked 
| 117|0x0000000714c00000, 0x0000000714c00000, 0x0000000714e00000|  0%| F|  |TAMS 0x0000000714c00000, 0x0000000714c00000| Untracked 
| 118|0x0000000714e00000, 0x0000000714e00000, 0x0000000715000000|  0%| F|  |TAMS 0x0000000714e00000, 0x0000000714e00000| Untracked 
| 119|0x0000000715000000, 0x0000000715000000, 0x0000000715200000|  0%| F|  |TAMS 0x0000000715000000, 0x0000000715000000| Untracked 
| 120|0x0000000715200000, 0x0000000715200000, 0x0000000715400000|  0%| F|  |TAMS 0x0000000715200000, 0x0000000715200000| Untracked 
| 121|0x0000000715400000, 0x0000000715400000, 0x0000000715600000|  0%| F|  |TAMS 0x0000000715400000, 0x0000000715400000| Untracked 
| 122|0x0000000715600000, 0x0000000715600000, 0x0000000715800000|  0%| F|  |TAMS 0x0000000715600000, 0x0000000715600000| Untracked 
| 123|0x0000000715800000, 0x0000000715800000, 0x0000000715a00000|  0%| F|  |TAMS 0x0000000715800000, 0x0000000715800000| Untracked 
| 124|0x0000000715a00000, 0x0000000715a00000, 0x0000000715c00000|  0%| F|  |TAMS 0x0000000715a00000, 0x0000000715a00000| Untracked 
| 125|0x0000000715c00000, 0x0000000715c00000, 0x0000000715e00000|  0%| F|  |TAMS 0x0000000715c00000, 0x0000000715c00000| Untracked 
| 126|0x0000000715e00000, 0x0000000715e00000, 0x0000000716000000|  0%| F|  |TAMS 0x0000000715e00000, 0x0000000715e00000| Untracked 
| 127|0x0000000716000000, 0x0000000716000000, 0x0000000716200000|  0%| F|  |TAMS 0x0000000716000000, 0x0000000716000000| Untracked 
| 128|0x0000000716200000, 0x0000000716200000, 0x0000000716400000|  0%| F|  |TAMS 0x0000000716200000, 0x0000000716200000| Untracked 
| 129|0x0000000716400000, 0x0000000716400000, 0x0000000716600000|  0%| F|  |TAMS 0x0000000716400000, 0x0000000716400000| Untracked 
| 130|0x0000000716600000, 0x0000000716600000, 0x0000000716800000|  0%| F|  |TAMS 0x0000000716600000, 0x0000000716600000| Untracked 
| 131|0x0000000716800000, 0x0000000716800000, 0x0000000716a00000|  0%| F|  |TAMS 0x0000000716800000, 0x0000000716800000| Untracked 
| 132|0x0000000716a00000, 0x0000000716a00000, 0x0000000716c00000|  0%| F|  |TAMS 0x0000000716a00000, 0x0000000716a00000| Untracked 
| 133|0x0000000716c00000, 0x0000000716c00000, 0x0000000716e00000|  0%| F|  |TAMS 0x0000000716c00000, 0x0000000716c00000| Untracked 
| 134|0x0000000716e00000, 0x0000000716e00000, 0x0000000717000000|  0%| F|  |TAMS 0x0000000716e00000, 0x0000000716e00000| Untracked 
| 135|0x0000000717000000, 0x0000000717000000, 0x0000000717200000|  0%| F|  |TAMS 0x0000000717000000, 0x0000000717000000| Untracked 
| 136|0x0000000717200000, 0x0000000717200000, 0x0000000717400000|  0%| F|  |TAMS 0x0000000717200000, 0x0000000717200000| Untracked 
| 137|0x0000000717400000, 0x0000000717400000, 0x0000000717600000|  0%| F|  |TAMS 0x0000000717400000, 0x0000000717400000| Untracked 
| 138|0x0000000717600000, 0x0000000717600000, 0x0000000717800000|  0%| F|  |TAMS 0x0000000717600000, 0x0000000717600000| Untracked 
| 139|0x0000000717800000, 0x0000000717800000, 0x0000000717a00000|  0%| F|  |TAMS 0x0000000717800000, 0x0000000717800000| Untracked 
| 140|0x0000000717a00000, 0x0000000717a00000, 0x0000000717c00000|  0%| F|  |TAMS 0x0000000717a00000, 0x0000000717a00000| Untracked 
| 141|0x0000000717c00000, 0x0000000717c00000, 0x0000000717e00000|  0%| F|  |TAMS 0x0000000717c00000, 0x0000000717c00000| Untracked 
| 142|0x0000000717e00000, 0x0000000717e00000, 0x0000000718000000|  0%| F|  |TAMS 0x0000000717e00000, 0x0000000717e00000| Untracked 
| 143|0x0000000718000000, 0x0000000718000000, 0x0000000718200000|  0%| F|  |TAMS 0x0000000718000000, 0x0000000718000000| Untracked 
| 144|0x0000000718200000, 0x0000000718200000, 0x0000000718400000|  0%| F|  |TAMS 0x0000000718200000, 0x0000000718200000| Untracked 
| 145|0x0000000718400000, 0x0000000718400000, 0x0000000718600000|  0%| F|  |TAMS 0x0000000718400000, 0x0000000718400000| Untracked 
| 146|0x0000000718600000, 0x0000000718600000, 0x0000000718800000|  0%| F|  |TAMS 0x0000000718600000, 0x0000000718600000| Untracked 
| 147|0x0000000718800000, 0x0000000718800000, 0x0000000718a00000|  0%| F|  |TAMS 0x0000000718800000, 0x0000000718800000| Untracked 
| 148|0x0000000718a00000, 0x0000000718a00000, 0x0000000718c00000|  0%| F|  |TAMS 0x0000000718a00000, 0x0000000718a00000| Untracked 
| 149|0x0000000718c00000, 0x0000000718c00000, 0x0000000718e00000|  0%| F|  |TAMS 0x0000000718c00000, 0x0000000718c00000| Untracked 
| 150|0x0000000718e00000, 0x0000000718e00000, 0x0000000719000000|  0%| F|  |TAMS 0x0000000718e00000, 0x0000000718e00000| Untracked 
| 151|0x0000000719000000, 0x0000000719000000, 0x0000000719200000|  0%| F|  |TAMS 0x0000000719000000, 0x0000000719000000| Untracked 
| 152|0x0000000719200000, 0x0000000719200000, 0x0000000719400000|  0%| F|  |TAMS 0x0000000719200000, 0x0000000719200000| Untracked 
| 153|0x0000000719400000, 0x0000000719400000, 0x0000000719600000|  0%| F|  |TAMS 0x0000000719400000, 0x0000000719400000| Untracked 
| 154|0x0000000719600000, 0x0000000719600000, 0x0000000719800000|  0%| F|  |TAMS 0x0000000719600000, 0x0000000719600000| Untracked 
| 155|0x0000000719800000, 0x0000000719800000, 0x0000000719a00000|  0%| F|  |TAMS 0x0000000719800000, 0x0000000719800000| Untracked 
| 156|0x0000000719a00000, 0x0000000719a00000, 0x0000000719c00000|  0%| F|  |TAMS 0x0000000719a00000, 0x0000000719a00000| Untracked 
| 157|0x0000000719c00000, 0x0000000719c00000, 0x0000000719e00000|  0%| F|  |TAMS 0x0000000719c00000, 0x0000000719c00000| Untracked 
| 158|0x0000000719e00000, 0x0000000719e00000, 0x000000071a000000|  0%| F|  |TAMS 0x0000000719e00000, 0x0000000719e00000| Untracked 
| 159|0x000000071a000000, 0x000000071a000000, 0x000000071a200000|  0%| F|  |TAMS 0x000000071a000000, 0x000000071a000000| Untracked 
| 160|0x000000071a200000, 0x000000071a200000, 0x000000071a400000|  0%| F|  |TAMS 0x000000071a200000, 0x000000071a200000| Untracked 
| 161|0x000000071a400000, 0x000000071a400000, 0x000000071a600000|  0%| F|  |TAMS 0x000000071a400000, 0x000000071a400000| Untracked 
| 162|0x000000071a600000, 0x000000071a600000, 0x000000071a800000|  0%| F|  |TAMS 0x000000071a600000, 0x000000071a600000| Untracked 
| 163|0x000000071a800000, 0x000000071a800000, 0x000000071aa00000|  0%| F|  |TAMS 0x000000071a800000, 0x000000071a800000| Untracked 
| 164|0x000000071aa00000, 0x000000071aa00000, 0x000000071ac00000|  0%| F|  |TAMS 0x000000071aa00000, 0x000000071aa00000| Untracked 
| 165|0x000000071ac00000, 0x000000071ac00000, 0x000000071ae00000|  0%| F|  |TAMS 0x000000071ac00000, 0x000000071ac00000| Untracked 
| 166|0x000000071ae00000, 0x000000071ae00000, 0x000000071b000000|  0%| F|  |TAMS 0x000000071ae00000, 0x000000071ae00000| Untracked 
| 167|0x000000071b000000, 0x000000071b000000, 0x000000071b200000|  0%| F|  |TAMS 0x000000071b000000, 0x000000071b000000| Untracked 
| 168|0x000000071b200000, 0x000000071b200000, 0x000000071b400000|  0%| F|  |TAMS 0x000000071b200000, 0x000000071b200000| Untracked 
| 169|0x000000071b400000, 0x000000071b400000, 0x000000071b600000|  0%| F|  |TAMS 0x000000071b400000, 0x000000071b400000| Untracked 
| 170|0x000000071b600000, 0x000000071b600000, 0x000000071b800000|  0%| F|  |TAMS 0x000000071b600000, 0x000000071b600000| Untracked 
| 171|0x000000071b800000, 0x000000071b800000, 0x000000071ba00000|  0%| F|  |TAMS 0x000000071b800000, 0x000000071b800000| Untracked 
| 172|0x000000071ba00000, 0x000000071ba00000, 0x000000071bc00000|  0%| F|  |TAMS 0x000000071ba00000, 0x000000071ba00000| Untracked 
| 173|0x000000071bc00000, 0x000000071bc00000, 0x000000071be00000|  0%| F|  |TAMS 0x000000071bc00000, 0x000000071bc00000| Untracked 
| 174|0x000000071be00000, 0x000000071be00000, 0x000000071c000000|  0%| F|  |TAMS 0x000000071be00000, 0x000000071be00000| Untracked 
| 175|0x000000071c000000, 0x000000071c000000, 0x000000071c200000|  0%| F|  |TAMS 0x000000071c000000, 0x000000071c000000| Untracked 
| 176|0x000000071c200000, 0x000000071c200000, 0x000000071c400000|  0%| F|  |TAMS 0x000000071c200000, 0x000000071c200000| Untracked 
| 177|0x000000071c400000, 0x000000071c400000, 0x000000071c600000|  0%| F|  |TAMS 0x000000071c400000, 0x000000071c400000| Untracked 
| 178|0x000000071c600000, 0x000000071c600000, 0x000000071c800000|  0%| F|  |TAMS 0x000000071c600000, 0x000000071c600000| Untracked 
| 179|0x000000071c800000, 0x000000071c800000, 0x000000071ca00000|  0%| F|  |TAMS 0x000000071c800000, 0x000000071c800000| Untracked 
| 180|0x000000071ca00000, 0x000000071ca00000, 0x000000071cc00000|  0%| F|  |TAMS 0x000000071ca00000, 0x000000071ca00000| Untracked 
| 181|0x000000071cc00000, 0x000000071cc00000, 0x000000071ce00000|  0%| F|  |TAMS 0x000000071cc00000, 0x000000071cc00000| Untracked 
| 182|0x000000071ce00000, 0x000000071ce00000, 0x000000071d000000|  0%| F|  |TAMS 0x000000071ce00000, 0x000000071ce00000| Untracked 
| 183|0x000000071d000000, 0x000000071d000000, 0x000000071d200000|  0%| F|  |TAMS 0x000000071d000000, 0x000000071d000000| Untracked 
| 184|0x000000071d200000, 0x000000071d200000, 0x000000071d400000|  0%| F|  |TAMS 0x000000071d200000, 0x000000071d200000| Untracked 
| 185|0x000000071d400000, 0x000000071d400000, 0x000000071d600000|  0%| F|  |TAMS 0x000000071d400000, 0x000000071d400000| Untracked 
| 186|0x000000071d600000, 0x000000071d600000, 0x000000071d800000|  0%| F|  |TAMS 0x000000071d600000, 0x000000071d600000| Untracked 
| 187|0x000000071d800000, 0x000000071d800000, 0x000000071da00000|  0%| F|  |TAMS 0x000000071d800000, 0x000000071d800000| Untracked 
| 188|0x000000071da00000, 0x000000071da00000, 0x000000071dc00000|  0%| F|  |TAMS 0x000000071da00000, 0x000000071da00000| Untracked 
| 189|0x000000071dc00000, 0x000000071dc00000, 0x000000071de00000|  0%| F|  |TAMS 0x000000071dc00000, 0x000000071dc00000| Untracked 
| 190|0x000000071de00000, 0x000000071de00000, 0x000000071e000000|  0%| F|  |TAMS 0x000000071de00000, 0x000000071de00000| Untracked 
| 191|0x000000071e000000, 0x000000071e0d6480, 0x000000071e200000| 41%| S|CS|TAMS 0x000000071e000000, 0x000000071e000000| Complete 
| 192|0x000000071e200000, 0x000000071e400000, 0x000000071e400000|100%| S|CS|TAMS 0x000000071e200000, 0x000000071e200000| Complete 
| 193|0x000000071e400000, 0x000000071e600000, 0x000000071e600000|100%| S|CS|TAMS 0x000000071e400000, 0x000000071e400000| Complete 
| 194|0x000000071e600000, 0x000000071e800000, 0x000000071e800000|100%| S|CS|TAMS 0x000000071e600000, 0x000000071e600000| Complete 
| 195|0x000000071e800000, 0x000000071ea00000, 0x000000071ea00000|100%| S|CS|TAMS 0x000000071e800000, 0x000000071e800000| Complete 
| 196|0x000000071ea00000, 0x000000071ec00000, 0x000000071ec00000|100%| S|CS|TAMS 0x000000071ea00000, 0x000000071ea00000| Complete 
| 197|0x000000071ec00000, 0x000000071ee00000, 0x000000071ee00000|100%| S|CS|TAMS 0x000000071ec00000, 0x000000071ec00000| Complete 
| 198|0x000000071ee00000, 0x000000071f000000, 0x000000071f000000|100%| S|CS|TAMS 0x000000071ee00000, 0x000000071ee00000| Complete 
| 199|0x000000071f000000, 0x000000071f200000, 0x000000071f200000|100%| S|CS|TAMS 0x000000071f000000, 0x000000071f000000| Complete 
| 200|0x000000071f200000, 0x000000071f400000, 0x000000071f400000|100%| S|CS|TAMS 0x000000071f200000, 0x000000071f200000| Complete 
| 201|0x000000071f400000, 0x000000071f600000, 0x000000071f600000|100%| S|CS|TAMS 0x000000071f400000, 0x000000071f400000| Complete 
| 202|0x000000071f600000, 0x000000071f800000, 0x000000071f800000|100%| S|CS|TAMS 0x000000071f600000, 0x000000071f600000| Complete 
| 203|0x000000071f800000, 0x000000071fa00000, 0x000000071fa00000|100%| S|CS|TAMS 0x000000071f800000, 0x000000071f800000| Complete 
| 204|0x000000071fa00000, 0x000000071fc00000, 0x000000071fc00000|100%| S|CS|TAMS 0x000000071fa00000, 0x000000071fa00000| Complete 
| 205|0x000000071fc00000, 0x000000071fe00000, 0x000000071fe00000|100%| S|CS|TAMS 0x000000071fc00000, 0x000000071fc00000| Complete 
| 206|0x000000071fe00000, 0x0000000720000000, 0x0000000720000000|100%| S|CS|TAMS 0x000000071fe00000, 0x000000071fe00000| Complete 
| 207|0x0000000720000000, 0x0000000720000000, 0x0000000720200000|  0%| F|  |TAMS 0x0000000720000000, 0x0000000720000000| Untracked 
| 208|0x0000000720200000, 0x0000000720200000, 0x0000000720400000|  0%| F|  |TAMS 0x0000000720200000, 0x0000000720200000| Untracked 
| 209|0x0000000720400000, 0x0000000720400000, 0x0000000720600000|  0%| F|  |TAMS 0x0000000720400000, 0x0000000720400000| Untracked 
| 210|0x0000000720600000, 0x0000000720600000, 0x0000000720800000|  0%| F|  |TAMS 0x0000000720600000, 0x0000000720600000| Untracked 
| 211|0x0000000720800000, 0x0000000720800000, 0x0000000720a00000|  0%| F|  |TAMS 0x0000000720800000, 0x0000000720800000| Untracked 
| 212|0x0000000720a00000, 0x0000000720a00000, 0x0000000720c00000|  0%| F|  |TAMS 0x0000000720a00000, 0x0000000720a00000| Untracked 
| 213|0x0000000720c00000, 0x0000000720c00000, 0x0000000720e00000|  0%| F|  |TAMS 0x0000000720c00000, 0x0000000720c00000| Untracked 
| 214|0x0000000720e00000, 0x0000000720e00000, 0x0000000721000000|  0%| F|  |TAMS 0x0000000720e00000, 0x0000000720e00000| Untracked 
| 215|0x0000000721000000, 0x0000000721000000, 0x0000000721200000|  0%| F|  |TAMS 0x0000000721000000, 0x0000000721000000| Untracked 
| 216|0x0000000721200000, 0x0000000721200000, 0x0000000721400000|  0%| F|  |TAMS 0x0000000721200000, 0x0000000721200000| Untracked 
| 217|0x0000000721400000, 0x0000000721400000, 0x0000000721600000|  0%| F|  |TAMS 0x0000000721400000, 0x0000000721400000| Untracked 
| 218|0x0000000721600000, 0x0000000721600000, 0x0000000721800000|  0%| F|  |TAMS 0x0000000721600000, 0x0000000721600000| Untracked 
| 219|0x0000000721800000, 0x0000000721800000, 0x0000000721a00000|  0%| F|  |TAMS 0x0000000721800000, 0x0000000721800000| Untracked 
| 220|0x0000000721a00000, 0x0000000721a00000, 0x0000000721c00000|  0%| F|  |TAMS 0x0000000721a00000, 0x0000000721a00000| Untracked 
| 221|0x0000000721c00000, 0x0000000721c00000, 0x0000000721e00000|  0%| F|  |TAMS 0x0000000721c00000, 0x0000000721c00000| Untracked 
| 222|0x0000000721e00000, 0x0000000721e00000, 0x0000000722000000|  0%| F|  |TAMS 0x0000000721e00000, 0x0000000721e00000| Untracked 
| 223|0x0000000722000000, 0x0000000722000000, 0x0000000722200000|  0%| F|  |TAMS 0x0000000722000000, 0x0000000722000000| Untracked 
| 224|0x0000000722200000, 0x0000000722200000, 0x0000000722400000|  0%| F|  |TAMS 0x0000000722200000, 0x0000000722200000| Untracked 
| 225|0x0000000722400000, 0x0000000722400000, 0x0000000722600000|  0%| F|  |TAMS 0x0000000722400000, 0x0000000722400000| Untracked 
| 226|0x0000000722600000, 0x0000000722600000, 0x0000000722800000|  0%| F|  |TAMS 0x0000000722600000, 0x0000000722600000| Untracked 
| 227|0x0000000722800000, 0x0000000722800000, 0x0000000722a00000|  0%| F|  |TAMS 0x0000000722800000, 0x0000000722800000| Untracked 
| 228|0x0000000722a00000, 0x0000000722a00000, 0x0000000722c00000|  0%| F|  |TAMS 0x0000000722a00000, 0x0000000722a00000| Untracked 
| 229|0x0000000722c00000, 0x0000000722c00000, 0x0000000722e00000|  0%| F|  |TAMS 0x0000000722c00000, 0x0000000722c00000| Untracked 
| 230|0x0000000722e00000, 0x0000000722e00000, 0x0000000723000000|  0%| F|  |TAMS 0x0000000722e00000, 0x0000000722e00000| Untracked 
| 231|0x0000000723000000, 0x0000000723000000, 0x0000000723200000|  0%| F|  |TAMS 0x0000000723000000, 0x0000000723000000| Untracked 
| 232|0x0000000723200000, 0x0000000723200000, 0x0000000723400000|  0%| F|  |TAMS 0x0000000723200000, 0x0000000723200000| Untracked 
| 233|0x0000000723400000, 0x0000000723400000, 0x0000000723600000|  0%| F|  |TAMS 0x0000000723400000, 0x0000000723400000| Untracked 
| 234|0x0000000723600000, 0x0000000723600000, 0x0000000723800000|  0%| F|  |TAMS 0x0000000723600000, 0x0000000723600000| Untracked 
| 235|0x0000000723800000, 0x0000000723800000, 0x0000000723a00000|  0%| F|  |TAMS 0x0000000723800000, 0x0000000723800000| Untracked 
| 236|0x0000000723a00000, 0x0000000723a00000, 0x0000000723c00000|  0%| F|  |TAMS 0x0000000723a00000, 0x0000000723a00000| Untracked 
| 237|0x0000000723c00000, 0x0000000723c00000, 0x0000000723e00000|  0%| F|  |TAMS 0x0000000723c00000, 0x0000000723c00000| Untracked 
| 238|0x0000000723e00000, 0x0000000723e00000, 0x0000000724000000|  0%| F|  |TAMS 0x0000000723e00000, 0x0000000723e00000| Untracked 
| 239|0x0000000724000000, 0x0000000724000000, 0x0000000724200000|  0%| F|  |TAMS 0x0000000724000000, 0x0000000724000000| Untracked 
| 240|0x0000000724200000, 0x0000000724200000, 0x0000000724400000|  0%| F|  |TAMS 0x0000000724200000, 0x0000000724200000| Untracked 
| 241|0x0000000724400000, 0x0000000724400000, 0x0000000724600000|  0%| F|  |TAMS 0x0000000724400000, 0x0000000724400000| Untracked 
| 242|0x0000000724600000, 0x0000000724600000, 0x0000000724800000|  0%| F|  |TAMS 0x0000000724600000, 0x0000000724600000| Untracked 
| 243|0x0000000724800000, 0x0000000724800000, 0x0000000724a00000|  0%| F|  |TAMS 0x0000000724800000, 0x0000000724800000| Untracked 
| 244|0x0000000724a00000, 0x0000000724a00000, 0x0000000724c00000|  0%| F|  |TAMS 0x0000000724a00000, 0x0000000724a00000| Untracked 
| 245|0x0000000724c00000, 0x0000000724c00000, 0x0000000724e00000|  0%| F|  |TAMS 0x0000000724c00000, 0x0000000724c00000| Untracked 
| 246|0x0000000724e00000, 0x0000000724e00000, 0x0000000725000000|  0%| F|  |TAMS 0x0000000724e00000, 0x0000000724e00000| Untracked 
| 247|0x0000000725000000, 0x0000000725000000, 0x0000000725200000|  0%| F|  |TAMS 0x0000000725000000, 0x0000000725000000| Untracked 
| 248|0x0000000725200000, 0x0000000725200000, 0x0000000725400000|  0%| F|  |TAMS 0x0000000725200000, 0x0000000725200000| Untracked 
| 249|0x0000000725400000, 0x0000000725400000, 0x0000000725600000|  0%| F|  |TAMS 0x0000000725400000, 0x0000000725400000| Untracked 
| 250|0x0000000725600000, 0x0000000725600000, 0x0000000725800000|  0%| F|  |TAMS 0x0000000725600000, 0x0000000725600000| Untracked 
| 251|0x0000000725800000, 0x0000000725800000, 0x0000000725a00000|  0%| F|  |TAMS 0x0000000725800000, 0x0000000725800000| Untracked 
| 252|0x0000000725a00000, 0x0000000725a00000, 0x0000000725c00000|  0%| F|  |TAMS 0x0000000725a00000, 0x0000000725a00000| Untracked 
| 253|0x0000000725c00000, 0x0000000725c00000, 0x0000000725e00000|  0%| F|  |TAMS 0x0000000725c00000, 0x0000000725c00000| Untracked 
| 254|0x0000000725e00000, 0x0000000725e00000, 0x0000000726000000|  0%| F|  |TAMS 0x0000000725e00000, 0x0000000725e00000| Untracked 
| 255|0x0000000726000000, 0x0000000726000000, 0x0000000726200000|  0%| F|  |TAMS 0x0000000726000000, 0x0000000726000000| Untracked 
| 256|0x0000000726200000, 0x0000000726200000, 0x0000000726400000|  0%| F|  |TAMS 0x0000000726200000, 0x0000000726200000| Untracked 
| 257|0x0000000726400000, 0x0000000726400000, 0x0000000726600000|  0%| F|  |TAMS 0x0000000726400000, 0x0000000726400000| Untracked 
| 258|0x0000000726600000, 0x0000000726600000, 0x0000000726800000|  0%| F|  |TAMS 0x0000000726600000, 0x0000000726600000| Untracked 
| 259|0x0000000726800000, 0x0000000726800000, 0x0000000726a00000|  0%| F|  |TAMS 0x0000000726800000, 0x0000000726800000| Untracked 
| 260|0x0000000726a00000, 0x0000000726a00000, 0x0000000726c00000|  0%| F|  |TAMS 0x0000000726a00000, 0x0000000726a00000| Untracked 
| 261|0x0000000726c00000, 0x0000000726c00000, 0x0000000726e00000|  0%| F|  |TAMS 0x0000000726c00000, 0x0000000726c00000| Untracked 
| 262|0x0000000726e00000, 0x0000000726e00000, 0x0000000727000000|  0%| F|  |TAMS 0x0000000726e00000, 0x0000000726e00000| Untracked 
| 263|0x0000000727000000, 0x0000000727000000, 0x0000000727200000|  0%| F|  |TAMS 0x0000000727000000, 0x0000000727000000| Untracked 
| 264|0x0000000727200000, 0x0000000727200000, 0x0000000727400000|  0%| F|  |TAMS 0x0000000727200000, 0x0000000727200000| Untracked 
| 265|0x0000000727400000, 0x0000000727400000, 0x0000000727600000|  0%| F|  |TAMS 0x0000000727400000, 0x0000000727400000| Untracked 
| 266|0x0000000727600000, 0x0000000727600000, 0x0000000727800000|  0%| F|  |TAMS 0x0000000727600000, 0x0000000727600000| Untracked 
| 267|0x0000000727800000, 0x0000000727800000, 0x0000000727a00000|  0%| F|  |TAMS 0x0000000727800000, 0x0000000727800000| Untracked 
| 268|0x0000000727a00000, 0x0000000727a00000, 0x0000000727c00000|  0%| F|  |TAMS 0x0000000727a00000, 0x0000000727a00000| Untracked 
| 269|0x0000000727c00000, 0x0000000727c00000, 0x0000000727e00000|  0%| F|  |TAMS 0x0000000727c00000, 0x0000000727c00000| Untracked 
| 270|0x0000000727e00000, 0x0000000727e00000, 0x0000000728000000|  0%| F|  |TAMS 0x0000000727e00000, 0x0000000727e00000| Untracked 
| 271|0x0000000728000000, 0x0000000728000000, 0x0000000728200000|  0%| F|  |TAMS 0x0000000728000000, 0x0000000728000000| Untracked 
| 272|0x0000000728200000, 0x0000000728200000, 0x0000000728400000|  0%| F|  |TAMS 0x0000000728200000, 0x0000000728200000| Untracked 
| 273|0x0000000728400000, 0x0000000728400000, 0x0000000728600000|  0%| F|  |TAMS 0x0000000728400000, 0x0000000728400000| Untracked 
| 274|0x0000000728600000, 0x0000000728600000, 0x0000000728800000|  0%| F|  |TAMS 0x0000000728600000, 0x0000000728600000| Untracked 
| 275|0x0000000728800000, 0x0000000728800000, 0x0000000728a00000|  0%| F|  |TAMS 0x0000000728800000, 0x0000000728800000| Untracked 
| 276|0x0000000728a00000, 0x0000000728a00000, 0x0000000728c00000|  0%| F|  |TAMS 0x0000000728a00000, 0x0000000728a00000| Untracked 
| 277|0x0000000728c00000, 0x0000000728c00000, 0x0000000728e00000|  0%| F|  |TAMS 0x0000000728c00000, 0x0000000728c00000| Untracked 
| 278|0x0000000728e00000, 0x0000000728e00000, 0x0000000729000000|  0%| F|  |TAMS 0x0000000728e00000, 0x0000000728e00000| Untracked 
| 279|0x0000000729000000, 0x0000000729000000, 0x0000000729200000|  0%| F|  |TAMS 0x0000000729000000, 0x0000000729000000| Untracked 
| 280|0x0000000729200000, 0x0000000729200000, 0x0000000729400000|  0%| F|  |TAMS 0x0000000729200000, 0x0000000729200000| Untracked 
| 281|0x0000000729400000, 0x0000000729400000, 0x0000000729600000|  0%| F|  |TAMS 0x0000000729400000, 0x0000000729400000| Untracked 
| 282|0x0000000729600000, 0x0000000729600000, 0x0000000729800000|  0%| F|  |TAMS 0x0000000729600000, 0x0000000729600000| Untracked 
| 283|0x0000000729800000, 0x0000000729800000, 0x0000000729a00000|  0%| F|  |TAMS 0x0000000729800000, 0x0000000729800000| Untracked 
| 284|0x0000000729a00000, 0x0000000729a00000, 0x0000000729c00000|  0%| F|  |TAMS 0x0000000729a00000, 0x0000000729a00000| Untracked 
| 285|0x0000000729c00000, 0x0000000729c00000, 0x0000000729e00000|  0%| F|  |TAMS 0x0000000729c00000, 0x0000000729c00000| Untracked 
| 286|0x0000000729e00000, 0x0000000729e00000, 0x000000072a000000|  0%| F|  |TAMS 0x0000000729e00000, 0x0000000729e00000| Untracked 
| 287|0x000000072a000000, 0x000000072a000000, 0x000000072a200000|  0%| F|  |TAMS 0x000000072a000000, 0x000000072a000000| Untracked 
| 288|0x000000072a200000, 0x000000072a200000, 0x000000072a400000|  0%| F|  |TAMS 0x000000072a200000, 0x000000072a200000| Untracked 
| 289|0x000000072a400000, 0x000000072a400000, 0x000000072a600000|  0%| F|  |TAMS 0x000000072a400000, 0x000000072a400000| Untracked 
| 290|0x000000072a600000, 0x000000072a600000, 0x000000072a800000|  0%| F|  |TAMS 0x000000072a600000, 0x000000072a600000| Untracked 
| 291|0x000000072a800000, 0x000000072a800000, 0x000000072aa00000|  0%| F|  |TAMS 0x000000072a800000, 0x000000072a800000| Untracked 
| 292|0x000000072aa00000, 0x000000072aa00000, 0x000000072ac00000|  0%| F|  |TAMS 0x000000072aa00000, 0x000000072aa00000| Untracked 
| 293|0x000000072ac00000, 0x000000072ac00000, 0x000000072ae00000|  0%| F|  |TAMS 0x000000072ac00000, 0x000000072ac00000| Untracked 
| 294|0x000000072ae00000, 0x000000072ae00000, 0x000000072b000000|  0%| F|  |TAMS 0x000000072ae00000, 0x000000072ae00000| Untracked 
| 295|0x000000072b000000, 0x000000072b000000, 0x000000072b200000|  0%| F|  |TAMS 0x000000072b000000, 0x000000072b000000| Untracked 
| 296|0x000000072b200000, 0x000000072b200000, 0x000000072b400000|  0%| F|  |TAMS 0x000000072b200000, 0x000000072b200000| Untracked 
| 297|0x000000072b400000, 0x000000072b400000, 0x000000072b600000|  0%| F|  |TAMS 0x000000072b400000, 0x000000072b400000| Untracked 
| 298|0x000000072b600000, 0x000000072b600000, 0x000000072b800000|  0%| F|  |TAMS 0x000000072b600000, 0x000000072b600000| Untracked 
| 299|0x000000072b800000, 0x000000072b800000, 0x000000072ba00000|  0%| F|  |TAMS 0x000000072b800000, 0x000000072b800000| Untracked 
| 300|0x000000072ba00000, 0x000000072ba00000, 0x000000072bc00000|  0%| F|  |TAMS 0x000000072ba00000, 0x000000072ba00000| Untracked 
| 301|0x000000072bc00000, 0x000000072bc00000, 0x000000072be00000|  0%| F|  |TAMS 0x000000072bc00000, 0x000000072bc00000| Untracked 
| 302|0x000000072be00000, 0x000000072be00000, 0x000000072c000000|  0%| F|  |TAMS 0x000000072be00000, 0x000000072be00000| Untracked 
| 303|0x000000072c000000, 0x000000072c000000, 0x000000072c200000|  0%| F|  |TAMS 0x000000072c000000, 0x000000072c000000| Untracked 
| 304|0x000000072c200000, 0x000000072c200000, 0x000000072c400000|  0%| F|  |TAMS 0x000000072c200000, 0x000000072c200000| Untracked 
| 305|0x000000072c400000, 0x000000072c400000, 0x000000072c600000|  0%| F|  |TAMS 0x000000072c400000, 0x000000072c400000| Untracked 
| 306|0x000000072c600000, 0x000000072c600000, 0x000000072c800000|  0%| F|  |TAMS 0x000000072c600000, 0x000000072c600000| Untracked 
| 307|0x000000072c800000, 0x000000072c800000, 0x000000072ca00000|  0%| F|  |TAMS 0x000000072c800000, 0x000000072c800000| Untracked 
| 308|0x000000072ca00000, 0x000000072ca00000, 0x000000072cc00000|  0%| F|  |TAMS 0x000000072ca00000, 0x000000072ca00000| Untracked 
| 309|0x000000072cc00000, 0x000000072cc00000, 0x000000072ce00000|  0%| F|  |TAMS 0x000000072cc00000, 0x000000072cc00000| Untracked 
| 310|0x000000072ce00000, 0x000000072ce00000, 0x000000072d000000|  0%| F|  |TAMS 0x000000072ce00000, 0x000000072ce00000| Untracked 
| 311|0x000000072d000000, 0x000000072d000000, 0x000000072d200000|  0%| F|  |TAMS 0x000000072d000000, 0x000000072d000000| Untracked 
| 312|0x000000072d200000, 0x000000072d200000, 0x000000072d400000|  0%| F|  |TAMS 0x000000072d200000, 0x000000072d200000| Untracked 
| 313|0x000000072d400000, 0x000000072d400000, 0x000000072d600000|  0%| F|  |TAMS 0x000000072d400000, 0x000000072d400000| Untracked 
| 314|0x000000072d600000, 0x000000072d600000, 0x000000072d800000|  0%| F|  |TAMS 0x000000072d600000, 0x000000072d600000| Untracked 
| 315|0x000000072d800000, 0x000000072d800000, 0x000000072da00000|  0%| F|  |TAMS 0x000000072d800000, 0x000000072d800000| Untracked 
| 316|0x000000072da00000, 0x000000072da00000, 0x000000072dc00000|  0%| F|  |TAMS 0x000000072da00000, 0x000000072da00000| Untracked 
| 317|0x000000072dc00000, 0x000000072dc00000, 0x000000072de00000|  0%| F|  |TAMS 0x000000072dc00000, 0x000000072dc00000| Untracked 
| 318|0x000000072de00000, 0x000000072de00000, 0x000000072e000000|  0%| F|  |TAMS 0x000000072de00000, 0x000000072de00000| Untracked 
| 319|0x000000072e000000, 0x000000072e000000, 0x000000072e200000|  0%| F|  |TAMS 0x000000072e000000, 0x000000072e000000| Untracked 
| 320|0x000000072e200000, 0x000000072e200000, 0x000000072e400000|  0%| F|  |TAMS 0x000000072e200000, 0x000000072e200000| Untracked 
| 321|0x000000072e400000, 0x000000072e400000, 0x000000072e600000|  0%| F|  |TAMS 0x000000072e400000, 0x000000072e400000| Untracked 
| 322|0x000000072e600000, 0x000000072e600000, 0x000000072e800000|  0%| F|  |TAMS 0x000000072e600000, 0x000000072e600000| Untracked 
| 323|0x000000072e800000, 0x000000072e800000, 0x000000072ea00000|  0%| F|  |TAMS 0x000000072e800000, 0x000000072e800000| Untracked 
| 324|0x000000072ea00000, 0x000000072ea00000, 0x000000072ec00000|  0%| F|  |TAMS 0x000000072ea00000, 0x000000072ea00000| Untracked 
| 325|0x000000072ec00000, 0x000000072ec00000, 0x000000072ee00000|  0%| F|  |TAMS 0x000000072ec00000, 0x000000072ec00000| Untracked 
| 326|0x000000072ee00000, 0x000000072ee00000, 0x000000072f000000|  0%| F|  |TAMS 0x000000072ee00000, 0x000000072ee00000| Untracked 
| 327|0x000000072f000000, 0x000000072f000000, 0x000000072f200000|  0%| F|  |TAMS 0x000000072f000000, 0x000000072f000000| Untracked 
| 328|0x000000072f200000, 0x000000072f200000, 0x000000072f400000|  0%| F|  |TAMS 0x000000072f200000, 0x000000072f200000| Untracked 
| 329|0x000000072f400000, 0x000000072f400000, 0x000000072f600000|  0%| F|  |TAMS 0x000000072f400000, 0x000000072f400000| Untracked 
| 330|0x000000072f600000, 0x000000072f600000, 0x000000072f800000|  0%| F|  |TAMS 0x000000072f600000, 0x000000072f600000| Untracked 
| 331|0x000000072f800000, 0x000000072f800000, 0x000000072fa00000|  0%| F|  |TAMS 0x000000072f800000, 0x000000072f800000| Untracked 
| 332|0x000000072fa00000, 0x000000072fa00000, 0x000000072fc00000|  0%| F|  |TAMS 0x000000072fa00000, 0x000000072fa00000| Untracked 
| 333|0x000000072fc00000, 0x000000072fc00000, 0x000000072fe00000|  0%| F|  |TAMS 0x000000072fc00000, 0x000000072fc00000| Untracked 
| 334|0x000000072fe00000, 0x000000072fe00000, 0x0000000730000000|  0%| F|  |TAMS 0x000000072fe00000, 0x000000072fe00000| Untracked 
| 335|0x0000000730000000, 0x0000000730000000, 0x0000000730200000|  0%| F|  |TAMS 0x0000000730000000, 0x0000000730000000| Untracked 
| 336|0x0000000730200000, 0x0000000730200000, 0x0000000730400000|  0%| F|  |TAMS 0x0000000730200000, 0x0000000730200000| Untracked 
| 337|0x0000000730400000, 0x0000000730400000, 0x0000000730600000|  0%| F|  |TAMS 0x0000000730400000, 0x0000000730400000| Untracked 
| 338|0x0000000730600000, 0x0000000730600000, 0x0000000730800000|  0%| F|  |TAMS 0x0000000730600000, 0x0000000730600000| Untracked 
| 339|0x0000000730800000, 0x0000000730800000, 0x0000000730a00000|  0%| F|  |TAMS 0x0000000730800000, 0x0000000730800000| Untracked 
| 340|0x0000000730a00000, 0x0000000730a00000, 0x0000000730c00000|  0%| F|  |TAMS 0x0000000730a00000, 0x0000000730a00000| Untracked 
| 341|0x0000000730c00000, 0x0000000730c00000, 0x0000000730e00000|  0%| F|  |TAMS 0x0000000730c00000, 0x0000000730c00000| Untracked 
| 342|0x0000000730e00000, 0x0000000730e00000, 0x0000000731000000|  0%| F|  |TAMS 0x0000000730e00000, 0x0000000730e00000| Untracked 
| 343|0x0000000731000000, 0x0000000731000000, 0x0000000731200000|  0%| F|  |TAMS 0x0000000731000000, 0x0000000731000000| Untracked 
| 344|0x0000000731200000, 0x0000000731200000, 0x0000000731400000|  0%| F|  |TAMS 0x0000000731200000, 0x0000000731200000| Untracked 
| 345|0x0000000731400000, 0x0000000731400000, 0x0000000731600000|  0%| F|  |TAMS 0x0000000731400000, 0x0000000731400000| Untracked 
| 346|0x0000000731600000, 0x0000000731600000, 0x0000000731800000|  0%| F|  |TAMS 0x0000000731600000, 0x0000000731600000| Untracked 
| 347|0x0000000731800000, 0x0000000731800000, 0x0000000731a00000|  0%| F|  |TAMS 0x0000000731800000, 0x0000000731800000| Untracked 
| 348|0x0000000731a00000, 0x0000000731a00000, 0x0000000731c00000|  0%| F|  |TAMS 0x0000000731a00000, 0x0000000731a00000| Untracked 
| 349|0x0000000731c00000, 0x0000000731c00000, 0x0000000731e00000|  0%| F|  |TAMS 0x0000000731c00000, 0x0000000731c00000| Untracked 
| 350|0x0000000731e00000, 0x0000000731e00000, 0x0000000732000000|  0%| F|  |TAMS 0x0000000731e00000, 0x0000000731e00000| Untracked 
| 351|0x0000000732000000, 0x0000000732000000, 0x0000000732200000|  0%| F|  |TAMS 0x0000000732000000, 0x0000000732000000| Untracked 
| 352|0x0000000732200000, 0x0000000732200000, 0x0000000732400000|  0%| F|  |TAMS 0x0000000732200000, 0x0000000732200000| Untracked 
| 353|0x0000000732400000, 0x0000000732400000, 0x0000000732600000|  0%| F|  |TAMS 0x0000000732400000, 0x0000000732400000| Untracked 
| 354|0x0000000732600000, 0x0000000732600000, 0x0000000732800000|  0%| F|  |TAMS 0x0000000732600000, 0x0000000732600000| Untracked 
| 355|0x0000000732800000, 0x0000000732800000, 0x0000000732a00000|  0%| F|  |TAMS 0x0000000732800000, 0x0000000732800000| Untracked 
| 356|0x0000000732a00000, 0x0000000732a00000, 0x0000000732c00000|  0%| F|  |TAMS 0x0000000732a00000, 0x0000000732a00000| Untracked 
| 357|0x0000000732c00000, 0x0000000732c00000, 0x0000000732e00000|  0%| F|  |TAMS 0x0000000732c00000, 0x0000000732c00000| Untracked 
| 358|0x0000000732e00000, 0x0000000732e00000, 0x0000000733000000|  0%| F|  |TAMS 0x0000000732e00000, 0x0000000732e00000| Untracked 
| 359|0x0000000733000000, 0x0000000733000000, 0x0000000733200000|  0%| F|  |TAMS 0x0000000733000000, 0x0000000733000000| Untracked 
| 360|0x0000000733200000, 0x0000000733200000, 0x0000000733400000|  0%| F|  |TAMS 0x0000000733200000, 0x0000000733200000| Untracked 
| 361|0x0000000733400000, 0x0000000733400000, 0x0000000733600000|  0%| F|  |TAMS 0x0000000733400000, 0x0000000733400000| Untracked 
| 362|0x0000000733600000, 0x0000000733600000, 0x0000000733800000|  0%| F|  |TAMS 0x0000000733600000, 0x0000000733600000| Untracked 
| 363|0x0000000733800000, 0x0000000733800000, 0x0000000733a00000|  0%| F|  |TAMS 0x0000000733800000, 0x0000000733800000| Untracked 
| 364|0x0000000733a00000, 0x0000000733a00000, 0x0000000733c00000|  0%| F|  |TAMS 0x0000000733a00000, 0x0000000733a00000| Untracked 
| 365|0x0000000733c00000, 0x0000000733c00000, 0x0000000733e00000|  0%| F|  |TAMS 0x0000000733c00000, 0x0000000733c00000| Untracked 
| 366|0x0000000733e00000, 0x0000000733e00000, 0x0000000734000000|  0%| F|  |TAMS 0x0000000733e00000, 0x0000000733e00000| Untracked 
| 367|0x0000000734000000, 0x0000000734000000, 0x0000000734200000|  0%| F|  |TAMS 0x0000000734000000, 0x0000000734000000| Untracked 
| 368|0x0000000734200000, 0x0000000734200000, 0x0000000734400000|  0%| F|  |TAMS 0x0000000734200000, 0x0000000734200000| Untracked 
| 369|0x0000000734400000, 0x0000000734400000, 0x0000000734600000|  0%| F|  |TAMS 0x0000000734400000, 0x0000000734400000| Untracked 
| 370|0x0000000734600000, 0x0000000734600000, 0x0000000734800000|  0%| F|  |TAMS 0x0000000734600000, 0x0000000734600000| Untracked 
| 371|0x0000000734800000, 0x0000000734800000, 0x0000000734a00000|  0%| F|  |TAMS 0x0000000734800000, 0x0000000734800000| Untracked 
| 372|0x0000000734a00000, 0x0000000734a00000, 0x0000000734c00000|  0%| F|  |TAMS 0x0000000734a00000, 0x0000000734a00000| Untracked 
| 373|0x0000000734c00000, 0x0000000734c00000, 0x0000000734e00000|  0%| F|  |TAMS 0x0000000734c00000, 0x0000000734c00000| Untracked 
| 374|0x0000000734e00000, 0x0000000734e00000, 0x0000000735000000|  0%| F|  |TAMS 0x0000000734e00000, 0x0000000734e00000| Untracked 
| 375|0x0000000735000000, 0x0000000735000000, 0x0000000735200000|  0%| F|  |TAMS 0x0000000735000000, 0x0000000735000000| Untracked 
| 376|0x0000000735200000, 0x0000000735200000, 0x0000000735400000|  0%| F|  |TAMS 0x0000000735200000, 0x0000000735200000| Untracked 
| 377|0x0000000735400000, 0x0000000735400000, 0x0000000735600000|  0%| F|  |TAMS 0x0000000735400000, 0x0000000735400000| Untracked 
| 378|0x0000000735600000, 0x0000000735600000, 0x0000000735800000|  0%| F|  |TAMS 0x0000000735600000, 0x0000000735600000| Untracked 
| 379|0x0000000735800000, 0x0000000735800000, 0x0000000735a00000|  0%| F|  |TAMS 0x0000000735800000, 0x0000000735800000| Untracked 
| 380|0x0000000735a00000, 0x0000000735a00000, 0x0000000735c00000|  0%| F|  |TAMS 0x0000000735a00000, 0x0000000735a00000| Untracked 
| 381|0x0000000735c00000, 0x0000000735c00000, 0x0000000735e00000|  0%| F|  |TAMS 0x0000000735c00000, 0x0000000735c00000| Untracked 
| 382|0x0000000735e00000, 0x0000000735e00000, 0x0000000736000000|  0%| F|  |TAMS 0x0000000735e00000, 0x0000000735e00000| Untracked 
| 383|0x0000000736000000, 0x0000000736000000, 0x0000000736200000|  0%| F|  |TAMS 0x0000000736000000, 0x0000000736000000| Untracked 
| 384|0x0000000736200000, 0x0000000736200000, 0x0000000736400000|  0%| F|  |TAMS 0x0000000736200000, 0x0000000736200000| Untracked 
| 385|0x0000000736400000, 0x0000000736400000, 0x0000000736600000|  0%| F|  |TAMS 0x0000000736400000, 0x0000000736400000| Untracked 
| 386|0x0000000736600000, 0x0000000736600000, 0x0000000736800000|  0%| F|  |TAMS 0x0000000736600000, 0x0000000736600000| Untracked 
| 387|0x0000000736800000, 0x0000000736800000, 0x0000000736a00000|  0%| F|  |TAMS 0x0000000736800000, 0x0000000736800000| Untracked 
| 388|0x0000000736a00000, 0x0000000736a00000, 0x0000000736c00000|  0%| F|  |TAMS 0x0000000736a00000, 0x0000000736a00000| Untracked 
| 389|0x0000000736c00000, 0x0000000736c00000, 0x0000000736e00000|  0%| F|  |TAMS 0x0000000736c00000, 0x0000000736c00000| Untracked 
| 390|0x0000000736e00000, 0x0000000736e00000, 0x0000000737000000|  0%| F|  |TAMS 0x0000000736e00000, 0x0000000736e00000| Untracked 
| 391|0x0000000737000000, 0x0000000737000000, 0x0000000737200000|  0%| F|  |TAMS 0x0000000737000000, 0x0000000737000000| Untracked 
| 392|0x0000000737200000, 0x0000000737200000, 0x0000000737400000|  0%| F|  |TAMS 0x0000000737200000, 0x0000000737200000| Untracked 
| 393|0x0000000737400000, 0x0000000737400000, 0x0000000737600000|  0%| F|  |TAMS 0x0000000737400000, 0x0000000737400000| Untracked 
| 394|0x0000000737600000, 0x0000000737600000, 0x0000000737800000|  0%| F|  |TAMS 0x0000000737600000, 0x0000000737600000| Untracked 
| 395|0x0000000737800000, 0x0000000737900000, 0x0000000737a00000| 50%| E|  |TAMS 0x0000000737800000, 0x0000000737800000| Complete 
| 396|0x0000000737a00000, 0x0000000737c00000, 0x0000000737c00000|100%| E|CS|TAMS 0x0000000737a00000, 0x0000000737a00000| Complete 
| 397|0x0000000737c00000, 0x0000000737e00000, 0x0000000737e00000|100%| E|CS|TAMS 0x0000000737c00000, 0x0000000737c00000| Complete 
| 398|0x0000000737e00000, 0x0000000738000000, 0x0000000738000000|100%| E|CS|TAMS 0x0000000737e00000, 0x0000000737e00000| Complete 
| 399|0x0000000738000000, 0x0000000738200000, 0x0000000738200000|100%| E|CS|TAMS 0x0000000738000000, 0x0000000738000000| Complete 
| 400|0x0000000738200000, 0x0000000738400000, 0x0000000738400000|100%| E|CS|TAMS 0x0000000738200000, 0x0000000738200000| Complete 
| 401|0x0000000738400000, 0x0000000738600000, 0x0000000738600000|100%| E|CS|TAMS 0x0000000738400000, 0x0000000738400000| Complete 
| 402|0x0000000738600000, 0x0000000738800000, 0x0000000738800000|100%| E|CS|TAMS 0x0000000738600000, 0x0000000738600000| Complete 
| 403|0x0000000738800000, 0x0000000738a00000, 0x0000000738a00000|100%| E|CS|TAMS 0x0000000738800000, 0x0000000738800000| Complete 
| 404|0x0000000738a00000, 0x0000000738c00000, 0x0000000738c00000|100%| E|CS|TAMS 0x0000000738a00000, 0x0000000738a00000| Complete 
| 405|0x0000000738c00000, 0x0000000738e00000, 0x0000000738e00000|100%| E|CS|TAMS 0x0000000738c00000, 0x0000000738c00000| Complete 
| 406|0x0000000738e00000, 0x0000000739000000, 0x0000000739000000|100%| E|CS|TAMS 0x0000000738e00000, 0x0000000738e00000| Complete 
| 407|0x0000000739000000, 0x0000000739200000, 0x0000000739200000|100%| E|CS|TAMS 0x0000000739000000, 0x0000000739000000| Complete 
| 408|0x0000000739200000, 0x0000000739400000, 0x0000000739400000|100%| E|CS|TAMS 0x0000000739200000, 0x0000000739200000| Complete 
| 409|0x0000000739400000, 0x0000000739600000, 0x0000000739600000|100%| E|CS|TAMS 0x0000000739400000, 0x0000000739400000| Complete 
| 410|0x0000000739600000, 0x0000000739800000, 0x0000000739800000|100%| E|CS|TAMS 0x0000000739600000, 0x0000000739600000| Complete 
| 411|0x0000000739800000, 0x0000000739a00000, 0x0000000739a00000|100%| E|CS|TAMS 0x0000000739800000, 0x0000000739800000| Complete 
| 412|0x0000000739a00000, 0x0000000739c00000, 0x0000000739c00000|100%| E|CS|TAMS 0x0000000739a00000, 0x0000000739a00000| Complete 
| 413|0x0000000739c00000, 0x0000000739e00000, 0x0000000739e00000|100%| E|CS|TAMS 0x0000000739c00000, 0x0000000739c00000| Complete 
| 414|0x0000000739e00000, 0x000000073a000000, 0x000000073a000000|100%| E|CS|TAMS 0x0000000739e00000, 0x0000000739e00000| Complete 
| 415|0x000000073a000000, 0x000000073a200000, 0x000000073a200000|100%| E|CS|TAMS 0x000000073a000000, 0x000000073a000000| Complete 
| 416|0x000000073a200000, 0x000000073a400000, 0x000000073a400000|100%| E|CS|TAMS 0x000000073a200000, 0x000000073a200000| Complete 
| 417|0x000000073a400000, 0x000000073a600000, 0x000000073a600000|100%| E|CS|TAMS 0x000000073a400000, 0x000000073a400000| Complete 
| 418|0x000000073a600000, 0x000000073a800000, 0x000000073a800000|100%| E|CS|TAMS 0x000000073a600000, 0x000000073a600000| Complete 
| 419|0x000000073a800000, 0x000000073aa00000, 0x000000073aa00000|100%| E|CS|TAMS 0x000000073a800000, 0x000000073a800000| Complete 
| 420|0x000000073aa00000, 0x000000073ac00000, 0x000000073ac00000|100%| E|CS|TAMS 0x000000073aa00000, 0x000000073aa00000| Complete 
| 421|0x000000073ac00000, 0x000000073ae00000, 0x000000073ae00000|100%| E|CS|TAMS 0x000000073ac00000, 0x000000073ac00000| Complete 
| 422|0x000000073ae00000, 0x000000073b000000, 0x000000073b000000|100%| E|CS|TAMS 0x000000073ae00000, 0x000000073ae00000| Complete 
| 423|0x000000073b000000, 0x000000073b200000, 0x000000073b200000|100%| E|CS|TAMS 0x000000073b000000, 0x000000073b000000| Complete 
| 424|0x000000073b200000, 0x000000073b400000, 0x000000073b400000|100%| E|CS|TAMS 0x000000073b200000, 0x000000073b200000| Complete 
| 425|0x000000073b400000, 0x000000073b600000, 0x000000073b600000|100%| E|CS|TAMS 0x000000073b400000, 0x000000073b400000| Complete 
| 426|0x000000073b600000, 0x000000073b800000, 0x000000073b800000|100%| E|CS|TAMS 0x000000073b600000, 0x000000073b600000| Complete 
| 427|0x000000073b800000, 0x000000073ba00000, 0x000000073ba00000|100%| E|CS|TAMS 0x000000073b800000, 0x000000073b800000| Complete 
| 428|0x000000073ba00000, 0x000000073bc00000, 0x000000073bc00000|100%| E|CS|TAMS 0x000000073ba00000, 0x000000073ba00000| Complete 
| 429|0x000000073bc00000, 0x000000073be00000, 0x000000073be00000|100%| E|CS|TAMS 0x000000073bc00000, 0x000000073bc00000| Complete 
| 430|0x000000073be00000, 0x000000073c000000, 0x000000073c000000|100%| E|CS|TAMS 0x000000073be00000, 0x000000073be00000| Complete 
| 431|0x000000073c000000, 0x000000073c200000, 0x000000073c200000|100%| E|CS|TAMS 0x000000073c000000, 0x000000073c000000| Complete 
| 432|0x000000073c200000, 0x000000073c400000, 0x000000073c400000|100%| E|CS|TAMS 0x000000073c200000, 0x000000073c200000| Complete 
| 433|0x000000073c400000, 0x000000073c600000, 0x000000073c600000|100%| E|CS|TAMS 0x000000073c400000, 0x000000073c400000| Complete 
| 434|0x000000073c600000, 0x000000073c800000, 0x000000073c800000|100%| E|CS|TAMS 0x000000073c600000, 0x000000073c600000| Complete 
| 435|0x000000073c800000, 0x000000073ca00000, 0x000000073ca00000|100%| E|CS|TAMS 0x000000073c800000, 0x000000073c800000| Complete 
| 436|0x000000073ca00000, 0x000000073cc00000, 0x000000073cc00000|100%| E|CS|TAMS 0x000000073ca00000, 0x000000073ca00000| Complete 
| 437|0x000000073cc00000, 0x000000073ce00000, 0x000000073ce00000|100%| E|CS|TAMS 0x000000073cc00000, 0x000000073cc00000| Complete 
| 438|0x000000073ce00000, 0x000000073d000000, 0x000000073d000000|100%| E|CS|TAMS 0x000000073ce00000, 0x000000073ce00000| Complete 
| 439|0x000000073d000000, 0x000000073d200000, 0x000000073d200000|100%| E|CS|TAMS 0x000000073d000000, 0x000000073d000000| Complete 
| 440|0x000000073d200000, 0x000000073d400000, 0x000000073d400000|100%| E|CS|TAMS 0x000000073d200000, 0x000000073d200000| Complete 
| 441|0x000000073d400000, 0x000000073d600000, 0x000000073d600000|100%| E|CS|TAMS 0x000000073d400000, 0x000000073d400000| Complete 
| 442|0x000000073d600000, 0x000000073d800000, 0x000000073d800000|100%| E|CS|TAMS 0x000000073d600000, 0x000000073d600000| Complete 
| 443|0x000000073d800000, 0x000000073da00000, 0x000000073da00000|100%| E|CS|TAMS 0x000000073d800000, 0x000000073d800000| Complete 
| 444|0x000000073da00000, 0x000000073dc00000, 0x000000073dc00000|100%| E|CS|TAMS 0x000000073da00000, 0x000000073da00000| Complete 
| 445|0x000000073dc00000, 0x000000073de00000, 0x000000073de00000|100%| E|CS|TAMS 0x000000073dc00000, 0x000000073dc00000| Complete 
| 446|0x000000073de00000, 0x000000073e000000, 0x000000073e000000|100%| E|CS|TAMS 0x000000073de00000, 0x000000073de00000| Complete 
| 447|0x000000073e000000, 0x000000073e200000, 0x000000073e200000|100%| E|CS|TAMS 0x000000073e000000, 0x000000073e000000| Complete 
| 448|0x000000073e200000, 0x000000073e400000, 0x000000073e400000|100%| E|CS|TAMS 0x000000073e200000, 0x000000073e200000| Complete 
| 449|0x000000073e400000, 0x000000073e600000, 0x000000073e600000|100%| E|CS|TAMS 0x000000073e400000, 0x000000073e400000| Complete 
| 450|0x000000073e600000, 0x000000073e800000, 0x000000073e800000|100%| E|CS|TAMS 0x000000073e600000, 0x000000073e600000| Complete 
| 451|0x000000073e800000, 0x000000073ea00000, 0x000000073ea00000|100%| E|CS|TAMS 0x000000073e800000, 0x000000073e800000| Complete 
| 452|0x000000073ea00000, 0x000000073ec00000, 0x000000073ec00000|100%| E|CS|TAMS 0x000000073ea00000, 0x000000073ea00000| Complete 
| 453|0x000000073ec00000, 0x000000073ee00000, 0x000000073ee00000|100%| E|CS|TAMS 0x000000073ec00000, 0x000000073ec00000| Complete 
| 454|0x000000073ee00000, 0x000000073f000000, 0x000000073f000000|100%| E|CS|TAMS 0x000000073ee00000, 0x000000073ee00000| Complete 
| 455|0x000000073f000000, 0x000000073f200000, 0x000000073f200000|100%| E|CS|TAMS 0x000000073f000000, 0x000000073f000000| Complete 
| 456|0x000000073f200000, 0x000000073f400000, 0x000000073f400000|100%| E|CS|TAMS 0x000000073f200000, 0x000000073f200000| Complete 
| 457|0x000000073f400000, 0x000000073f600000, 0x000000073f600000|100%| E|CS|TAMS 0x000000073f400000, 0x000000073f400000| Complete 
| 458|0x000000073f600000, 0x000000073f800000, 0x000000073f800000|100%| E|CS|TAMS 0x000000073f600000, 0x000000073f600000| Complete 
| 459|0x000000073f800000, 0x000000073fa00000, 0x000000073fa00000|100%| E|CS|TAMS 0x000000073f800000, 0x000000073f800000| Complete 
| 460|0x000000073fa00000, 0x000000073fc00000, 0x000000073fc00000|100%| E|CS|TAMS 0x000000073fa00000, 0x000000073fa00000| Complete 
| 461|0x000000073fc00000, 0x000000073fe00000, 0x000000073fe00000|100%| E|CS|TAMS 0x000000073fc00000, 0x000000073fc00000| Complete 
| 462|0x000000073fe00000, 0x0000000740000000, 0x0000000740000000|100%| E|CS|TAMS 0x000000073fe00000, 0x000000073fe00000| Complete 
| 463|0x0000000740000000, 0x0000000740200000, 0x0000000740200000|100%| E|CS|TAMS 0x0000000740000000, 0x0000000740000000| Complete 
| 464|0x0000000740200000, 0x0000000740400000, 0x0000000740400000|100%| E|CS|TAMS 0x0000000740200000, 0x0000000740200000| Complete 
| 465|0x0000000740400000, 0x0000000740600000, 0x0000000740600000|100%| E|CS|TAMS 0x0000000740400000, 0x0000000740400000| Complete 
| 466|0x0000000740600000, 0x0000000740800000, 0x0000000740800000|100%| E|CS|TAMS 0x0000000740600000, 0x0000000740600000| Complete 
| 467|0x0000000740800000, 0x0000000740a00000, 0x0000000740a00000|100%| E|CS|TAMS 0x0000000740800000, 0x0000000740800000| Complete 
| 468|0x0000000740a00000, 0x0000000740c00000, 0x0000000740c00000|100%| E|CS|TAMS 0x0000000740a00000, 0x0000000740a00000| Complete 
| 469|0x0000000740c00000, 0x0000000740e00000, 0x0000000740e00000|100%| E|CS|TAMS 0x0000000740c00000, 0x0000000740c00000| Complete 
| 470|0x0000000740e00000, 0x0000000741000000, 0x0000000741000000|100%| E|CS|TAMS 0x0000000740e00000, 0x0000000740e00000| Complete 
| 471|0x0000000741000000, 0x0000000741200000, 0x0000000741200000|100%| E|CS|TAMS 0x0000000741000000, 0x0000000741000000| Complete 
| 472|0x0000000741200000, 0x0000000741400000, 0x0000000741400000|100%| E|CS|TAMS 0x0000000741200000, 0x0000000741200000| Complete 
| 473|0x0000000741400000, 0x0000000741600000, 0x0000000741600000|100%| E|CS|TAMS 0x0000000741400000, 0x0000000741400000| Complete 
| 474|0x0000000741600000, 0x0000000741800000, 0x0000000741800000|100%| E|CS|TAMS 0x0000000741600000, 0x0000000741600000| Complete 
| 475|0x0000000741800000, 0x0000000741a00000, 0x0000000741a00000|100%| E|CS|TAMS 0x0000000741800000, 0x0000000741800000| Complete 
| 476|0x0000000741a00000, 0x0000000741c00000, 0x0000000741c00000|100%| E|CS|TAMS 0x0000000741a00000, 0x0000000741a00000| Complete 
| 477|0x0000000741c00000, 0x0000000741e00000, 0x0000000741e00000|100%| E|CS|TAMS 0x0000000741c00000, 0x0000000741c00000| Complete 
| 478|0x0000000741e00000, 0x0000000742000000, 0x0000000742000000|100%| E|CS|TAMS 0x0000000741e00000, 0x0000000741e00000| Complete 
| 479|0x0000000742000000, 0x0000000742200000, 0x0000000742200000|100%| E|CS|TAMS 0x0000000742000000, 0x0000000742000000| Complete 
| 480|0x0000000742200000, 0x0000000742400000, 0x0000000742400000|100%| E|CS|TAMS 0x0000000742200000, 0x0000000742200000| Complete 
| 481|0x0000000742400000, 0x0000000742600000, 0x0000000742600000|100%| E|CS|TAMS 0x0000000742400000, 0x0000000742400000| Complete 
| 482|0x0000000742600000, 0x0000000742800000, 0x0000000742800000|100%| E|CS|TAMS 0x0000000742600000, 0x0000000742600000| Complete 
| 483|0x0000000742800000, 0x0000000742a00000, 0x0000000742a00000|100%| E|CS|TAMS 0x0000000742800000, 0x0000000742800000| Complete 
|1996|0x00000007ffa00000, 0x00000007ffc00000, 0x00000007ffc00000|100%| O|  |TAMS 0x00000007ffc00000, 0x00000007ffa00000| Untracked 
|1997|0x00000007ffc00000, 0x00000007ffe00000, 0x00000007ffe00000|100%| O|  |TAMS 0x00000007ffe00000, 0x00000007ffc00000| Untracked 
|1998|0x00000007ffe00000, 0x0000000800000000, 0x0000000800000000|100%| O|  |TAMS 0x0000000800000000, 0x00000007ffe00000| Untracked 

Card table byte_map: [0x000001e816ac0000,0x000001e817290000] _byte_map_base: 0x000001e81328f000

Marking Bits (Prev, Next): (CMBitMap*) 0x000001e87e6dc3d0, (CMBitMap*) 0x000001e87e6dc390
 Prev Bits: [0x000001e81b8e0000, 0x000001e81f758000)
 Next Bits: [0x000001e817a60000, 0x000001e81b8d8000)

Polling page: 0x000001e87de20000

Metaspace:

Usage:
  Non-class:     28.46 MB used.
      Class:      3.44 MB used.
       Both:     31.90 MB used.

Virtual space:
  Non-class space:       64.00 MB reserved,      28.62 MB ( 45%) committed,  1 nodes.
      Class space:        1.00 GB reserved,       3.62 MB ( <1%) committed,  1 nodes.
             Both:        1.06 GB reserved,      32.25 MB (  3%) committed. 

Chunk freelists:
   Non-Class:  2.94 MB
       Class:  12.36 MB
        Both:  15.30 MB

MaxMetaspaceSize: unlimited
CompressedClassSpaceSize: 1.00 GB
Initial GC threshold: 21.00 MB
Current GC threshold: 43.38 MB
CDS: on
MetaspaceReclaimPolicy: balanced
 - commit_granule_bytes: 65536.
 - commit_granule_words: 8192.
 - virtual_space_node_default_size: 8388608.
 - enlarge_chunks_in_place: 1.
 - new_chunks_are_fully_committed: 0.
 - uncommit_free_chunks: 1.
 - use_allocation_guard: 0.
 - handle_deallocations: 1.


Internal statistics:

num_allocs_failed_limit: 3.
num_arena_births: 282.
num_arena_deaths: 0.
num_vsnodes_births: 2.
num_vsnodes_deaths: 0.
num_space_committed: 516.
num_space_uncommitted: 0.
num_chunks_returned_to_freelist: 3.
num_chunks_taken_from_freelist: 1532.
num_chunk_merges: 3.
num_chunk_splits: 1049.
num_chunks_enlarged: 772.
num_inconsistent_stats: 0.

CodeHeap 'non-profiled nmethods': size=119168Kb used=8266Kb max_used=8266Kb free=110901Kb
 bounds [0x000001e80f660000, 0x000001e80fe80000, 0x000001e816ac0000]
CodeHeap 'profiled nmethods': size=119104Kb used=21268Kb max_used=21268Kb free=97835Kb
 bounds [0x000001e807ac0000, 0x000001e808f90000, 0x000001e80ef10000]
CodeHeap 'non-nmethods': size=7488Kb used=2906Kb max_used=3023Kb free=4581Kb
 bounds [0x000001e80ef10000, 0x000001e80f210000, 0x000001e80f660000]
 total_blobs=9909 nmethods=9389 adapters=429
 compilation: enabled
              stopped_count=0, restarted_count=0
 full_count=0

Compilation events (20 events):
Event: 12.055 Thread 0x000001e8226ce020 nmethod 12279 0x000001e808f6fe10 code [0x000001e808f700a0, 0x000001e808f71008]
Event: 12.055 Thread 0x000001e8226ce020 12282       3       com.sun.tools.javac.comp.TransPatterns$BasicBindingContext::decorateStatement (42 bytes)
Event: 12.055 Thread 0x000001e869631d10 12283   !   3       com.sun.tools.javac.comp.TransPatterns::visitIf (52 bytes)
Event: 12.055 Thread 0x000001e822805a60 nmethod 12280 0x000001e808f71410 code [0x000001e808f71620, 0x000001e808f720a8]
Event: 12.055 Thread 0x000001e822805a60 12284       3       com.sun.tools.javac.comp.TransPatterns$BasicBindingContext::bindingVars (129 bytes)
Event: 12.056 Thread 0x000001e8226ce020 nmethod 12282 0x000001e808f72310 code [0x000001e808f72540, 0x000001e808f72e68]
Event: 12.056 Thread 0x000001e869631d10 nmethod 12283 0x000001e808f73190 code [0x000001e808f733c0, 0x000001e808f73db8]
Event: 12.057 Thread 0x000001e822833f60 nmethod 12268 0x000001e808f74110 code [0x000001e808f74900, 0x000001e808f77f88]
Event: 12.057 Thread 0x000001e822805a60 nmethod 12284 0x000001e808f7a810 code [0x000001e808f7ab20, 0x000001e808f7bfc8]
Event: 12.057 Thread 0x000001e822833f60 12285       3       com.sun.tools.javac.comp.Lower::visitIf (134 bytes)
Event: 12.058 Thread 0x000001e822833f60 nmethod 12285 0x000001e808f7c610 code [0x000001e808f7c8e0, 0x000001e808f7d798]
Event: 12.063 Thread 0x000001e8226ce020 12286       2       com.sun.tools.javac.jvm.PoolConstant$LoadableConstant::String (11 bytes)
Event: 12.063 Thread 0x000001e8226ce020 nmethod 12286 0x000001e808f7db90 code [0x000001e808f7dd20, 0x000001e808f7deb8]
Event: 12.081 Thread 0x000001e8226ce020 12287       3       com.sun.tools.javac.jvm.ClassWriter$StackMapTableFrame$SameFrame::getFrameType (20 bytes)
Event: 12.081 Thread 0x000001e8226ce020 nmethod 12287 0x000001e808f7df90 code [0x000001e808f7e140, 0x000001e808f7e2b8]
Event: 12.085 Thread 0x000001e8226ce020 12289       3       com.sun.tools.javac.code.Symbol$ClassSymbol::getKind (69 bytes)
Event: 12.086 Thread 0x000001e8226ce020 nmethod 12289 0x000001e808f7e390 code [0x000001e808f7e5a0, 0x000001e808f7ebe8]
Event: 12.091 Thread 0x000001e8226ce020 12290       3       com.sun.tools.javac.jvm.Gen::visitIf (159 bytes)
Event: 12.092 Thread 0x000001e8226ce020 nmethod 12290 0x000001e808f7ee10 code [0x000001e808f7f160, 0x000001e808f804a8]
Event: 12.105 Thread 0x000001e869631d10 12292       3       lombok.bytecode.ClassFileMetaData::findClass (58 bytes)

GC Heap History (20 events):
Event: 6.250 GC heap before
{Heap before GC invocations=24 (full 0):
 garbage-first heap   total 335872K, used 272913K [0x0000000706200000, 0x0000000800000000)
  region size 2048K, 81 young (165888K), 9 survivors (18432K)
 Metaspace       used 29990K, committed 30336K, reserved 1114112K
  class space    used 3292K, committed 3456K, reserved 1048576K
}
Event: 6.263 GC heap after
{Heap after GC invocations=25 (full 0):
 garbage-first heap   total 335872K, used 131499K [0x0000000706200000, 0x0000000800000000)
  region size 2048K, 7 young (14336K), 7 survivors (14336K)
 Metaspace       used 29990K, committed 30336K, reserved 1114112K
  class space    used 3292K, committed 3456K, reserved 1048576K
}
Event: 6.407 GC heap before
{Heap before GC invocations=25 (full 0):
 garbage-first heap   total 335872K, used 276907K [0x0000000706200000, 0x0000000800000000)
  region size 2048K, 78 young (159744K), 7 survivors (14336K)
 Metaspace       used 30027K, committed 30336K, reserved 1114112K
  class space    used 3295K, committed 3456K, reserved 1048576K
}
Event: 6.417 GC heap after
{Heap after GC invocations=26 (full 0):
 garbage-first heap   total 536576K, used 138526K [0x0000000706200000, 0x0000000800000000)
  region size 2048K, 7 young (14336K), 7 survivors (14336K)
 Metaspace       used 30027K, committed 30336K, reserved 1114112K
  class space    used 3295K, committed 3456K, reserved 1048576K
}
Event: 6.756 GC heap before
{Heap before GC invocations=26 (full 0):
 garbage-first heap   total 536576K, used 443678K [0x0000000706200000, 0x0000000800000000)
  region size 2048K, 154 young (315392K), 7 survivors (14336K)
 Metaspace       used 30069K, committed 30400K, reserved 1114112K
  class space    used 3295K, committed 3456K, reserved 1048576K
}
Event: 6.771 GC heap after
{Heap after GC invocations=27 (full 0):
 garbage-first heap   total 536576K, used 160988K [0x0000000706200000, 0x0000000800000000)
  region size 2048K, 15 young (30720K), 15 survivors (30720K)
 Metaspace       used 30069K, committed 30400K, reserved 1114112K
  class space    used 3295K, committed 3456K, reserved 1048576K
}
Event: 6.987 GC heap before
{Heap before GC invocations=27 (full 0):
 garbage-first heap   total 536576K, used 439516K [0x0000000706200000, 0x0000000800000000)
  region size 2048K, 147 young (301056K), 15 survivors (30720K)
 Metaspace       used 30089K, committed 30400K, reserved 1114112K
  class space    used 3295K, committed 3456K, reserved 1048576K
}
Event: 7.004 GC heap after
{Heap after GC invocations=28 (full 0):
 garbage-first heap   total 536576K, used 182287K [0x0000000706200000, 0x0000000800000000)
  region size 2048K, 15 young (30720K), 15 survivors (30720K)
 Metaspace       used 30089K, committed 30400K, reserved 1114112K
  class space    used 3295K, committed 3456K, reserved 1048576K
}
Event: 7.200 GC heap before
{Heap before GC invocations=28 (full 0):
 garbage-first heap   total 536576K, used 436239K [0x0000000706200000, 0x0000000800000000)
  region size 2048K, 139 young (284672K), 15 survivors (30720K)
 Metaspace       used 30097K, committed 30400K, reserved 1114112K
  class space    used 3295K, committed 3456K, reserved 1048576K
}
Event: 7.220 GC heap after
{Heap after GC invocations=29 (full 0):
 garbage-first heap   total 536576K, used 195413K [0x0000000706200000, 0x0000000800000000)
  region size 2048K, 14 young (28672K), 14 survivors (28672K)
 Metaspace       used 30097K, committed 30400K, reserved 1114112K
  class space    used 3295K, committed 3456K, reserved 1048576K
}
Event: 7.488 GC heap before
{Heap before GC invocations=29 (full 0):
 garbage-first heap   total 536576K, used 443221K [0x0000000706200000, 0x0000000800000000)
  region size 2048K, 134 young (274432K), 14 survivors (28672K)
 Metaspace       used 30097K, committed 30400K, reserved 1114112K
  class space    used 3295K, committed 3456K, reserved 1048576K
}
Event: 7.505 GC heap after
{Heap after GC invocations=30 (full 0):
 garbage-first heap   total 866304K, used 206496K [0x0000000706200000, 0x0000000800000000)
  region size 2048K, 11 young (22528K), 11 survivors (22528K)
 Metaspace       used 30097K, committed 30400K, reserved 1114112K
  class space    used 3295K, committed 3456K, reserved 1048576K
}
Event: 8.322 GC heap before
{Heap before GC invocations=30 (full 0):
 garbage-first heap   total 866304K, used 710304K [0x0000000706200000, 0x0000000800000000)
  region size 2048K, 253 young (518144K), 11 survivors (22528K)
 Metaspace       used 30163K, committed 30464K, reserved 1114112K
  class space    used 3300K, committed 3456K, reserved 1048576K
}
Event: 8.352 GC heap after
{Heap after GC invocations=31 (full 0):
 garbage-first heap   total 866304K, used 240024K [0x0000000706200000, 0x0000000800000000)
  region size 2048K, 23 young (47104K), 23 survivors (47104K)
 Metaspace       used 30163K, committed 30464K, reserved 1114112K
  class space    used 3300K, committed 3456K, reserved 1048576K
}
Event: 8.994 GC heap before
{Heap before GC invocations=31 (full 0):
 garbage-first heap   total 866304K, used 711064K [0x0000000706200000, 0x0000000800000000)
  region size 2048K, 251 young (514048K), 23 survivors (47104K)
 Metaspace       used 30190K, committed 30464K, reserved 1114112K
  class space    used 3300K, committed 3456K, reserved 1048576K
}
Event: 9.017 GC heap after
{Heap after GC invocations=32 (full 0):
 garbage-first heap   total 866304K, used 242363K [0x0000000706200000, 0x0000000800000000)
  region size 2048K, 13 young (26624K), 13 survivors (26624K)
 Metaspace       used 30190K, committed 30464K, reserved 1114112K
  class space    used 3300K, committed 3456K, reserved 1048576K
}
Event: 9.854 GC heap before
{Heap before GC invocations=32 (full 0):
 garbage-first heap   total 866304K, used 723643K [0x0000000706200000, 0x0000000800000000)
  region size 2048K, 243 young (497664K), 13 survivors (26624K)
 Metaspace       used 30214K, committed 30528K, reserved 1114112K
  class space    used 3300K, committed 3456K, reserved 1048576K
}
Event: 9.898 GC heap after
{Heap after GC invocations=33 (full 0):
 garbage-first heap   total 866304K, used 267588K [0x0000000706200000, 0x0000000800000000)
  region size 2048K, 19 young (38912K), 19 survivors (38912K)
 Metaspace       used 30214K, committed 30528K, reserved 1114112K
  class space    used 3300K, committed 3456K, reserved 1048576K
}
Event: 10.436 GC heap before
{Heap before GC invocations=33 (full 0):
 garbage-first heap   total 866304K, used 703812K [0x0000000706200000, 0x0000000800000000)
  region size 2048K, 232 young (475136K), 19 survivors (38912K)
 Metaspace       used 30234K, committed 30528K, reserved 1114112K
  class space    used 3300K, committed 3456K, reserved 1048576K
}
Event: 10.457 GC heap after
{Heap after GC invocations=34 (full 0):
 garbage-first heap   total 997376K, used 268758K [0x0000000706200000, 0x0000000800000000)
  region size 2048K, 16 young (32768K), 16 survivors (32768K)
 Metaspace       used 30234K, committed 30528K, reserved 1114112K
  class space    used 3300K, committed 3456K, reserved 1048576K
}

Dll operation events (8 events):
Event: 0.005 Loaded shared library C:\Program Files\Eclipse Adoptium\jdk-17.0.17.10-hotspot\bin\java.dll
Event: 0.017 Loaded shared library C:\Program Files\Eclipse Adoptium\jdk-17.0.17.10-hotspot\bin\jsvml.dll
Event: 0.034 Loaded shared library C:\Program Files\Eclipse Adoptium\jdk-17.0.17.10-hotspot\bin\net.dll
Event: 0.035 Loaded shared library C:\Program Files\Eclipse Adoptium\jdk-17.0.17.10-hotspot\bin\nio.dll
Event: 0.037 Loaded shared library C:\Program Files\Eclipse Adoptium\jdk-17.0.17.10-hotspot\bin\zip.dll
Event: 0.100 Loaded shared library C:\Program Files\Eclipse Adoptium\jdk-17.0.17.10-hotspot\bin\jimage.dll
Event: 0.101 Loaded shared library C:\Program Files\Apache\apache-maven-3.9.11\lib\jansi-native\Windows\x86_64\jansi.dll
Event: 0.107 Loaded shared library C:\Program Files\Eclipse Adoptium\jdk-17.0.17.10-hotspot\bin\verify.dll

Deoptimization events (20 events):
Event: 11.489 Thread 0x000001e87e670600 Uncommon trap: trap_request=0xffffffde fr.pc=0x000001e80fdfe20c relative=0x000000000000014c
Event: 11.489 Thread 0x000001e87e670600 Uncommon trap: reason=class_check action=maybe_recompile pc=0x000001e80fdfe20c method=com.sun.tools.javac.jvm.Items$Item.coerce(I)Lcom/sun/tools/javac/jvm/Items$Item; @ 11 c2
Event: 11.489 Thread 0x000001e87e670600 DEOPT PACKING pc=0x000001e80fdfe20c sp=0x0000002b19ffbfb0
Event: 11.489 Thread 0x000001e87e670600 DEOPT UNPACKING pc=0x000001e80ef669a3 sp=0x0000002b19ffbf38 mode 2
Event: 11.770 Thread 0x000001e87e670600 DEOPT PACKING pc=0x000001e808dbc9a1 sp=0x0000002b19ffd5d0
Event: 11.770 Thread 0x000001e87e670600 DEOPT UNPACKING pc=0x000001e80ef67143 sp=0x0000002b19ffcab8 mode 0
Event: 11.770 Thread 0x000001e87e670600 DEOPT PACKING pc=0x000001e808dbb1d8 sp=0x0000002b19ffd530
Event: 11.770 Thread 0x000001e87e670600 DEOPT UNPACKING pc=0x000001e80ef67143 sp=0x0000002b19ffc9d0 mode 0
Event: 11.976 Thread 0x000001e87e670600 DEOPT PACKING pc=0x000001e808d5ef58 sp=0x0000002b19ffcd80
Event: 11.976 Thread 0x000001e87e670600 DEOPT UNPACKING pc=0x000001e80ef67143 sp=0x0000002b19ffc210 mode 0
Event: 12.004 Thread 0x000001e87e670600 Uncommon trap: trap_request=0xffffff45 fr.pc=0x000001e80fdeac4c relative=0x000000000000054c
Event: 12.004 Thread 0x000001e87e670600 Uncommon trap: reason=unstable_if action=reinterpret pc=0x000001e80fdeac4c method=com.sun.tools.javac.code.Types$16.visitClassType(Lcom/sun/tools/javac/code/Type$ClassType;Ljava/lang/Void;)Lcom/sun/tools/javac/util/List; @ 67 c2
Event: 12.005 Thread 0x000001e87e670600 DEOPT PACKING pc=0x000001e80fdeac4c sp=0x0000002b19ffc710
Event: 12.005 Thread 0x000001e87e670600 DEOPT UNPACKING pc=0x000001e80ef669a3 sp=0x0000002b19ffc660 mode 2
Event: 12.005 Thread 0x000001e87e670600 Uncommon trap: trap_request=0xffffff45 fr.pc=0x000001e80fbad3a8 relative=0x0000000000000528
Event: 12.005 Thread 0x000001e87e670600 Uncommon trap: reason=unstable_if action=reinterpret pc=0x000001e80fbad3a8 method=com.sun.tools.javac.code.Types$16.visitClassType(Lcom/sun/tools/javac/code/Type$ClassType;Ljava/lang/Void;)Lcom/sun/tools/javac/util/List; @ 67 c2
Event: 12.005 Thread 0x000001e87e670600 DEOPT PACKING pc=0x000001e80fbad3a8 sp=0x0000002b19ffc7a0
Event: 12.005 Thread 0x000001e87e670600 DEOPT UNPACKING pc=0x000001e80ef669a3 sp=0x0000002b19ffc778 mode 2
Event: 12.419 Thread 0x000001e87e670600 DEOPT PACKING pc=0x000001e808f55285 sp=0x0000002b19ffd580
Event: 12.419 Thread 0x000001e87e670600 DEOPT UNPACKING pc=0x000001e80ef67143 sp=0x0000002b19ffc9c8 mode 0

Classes loaded (20 events):
Event: 4.591 Loading class java/util/regex/Pattern$Prolog
Event: 4.591 Loading class java/util/regex/Pattern$Prolog done
Event: 4.639 Loading class java/util/regex/Pattern$LazyLoop
Event: 4.639 Loading class java/util/regex/Pattern$LazyLoop done
Event: 10.613 Loading class java/util/function/ToIntBiFunction
Event: 10.613 Loading class java/util/function/ToIntBiFunction done
Event: 10.738 Loading class java/util/EnumMap$EntrySet
Event: 10.738 Loading class java/util/EnumMap$EntrySet done
Event: 10.739 Loading class java/util/EnumMap$EntryIterator
Event: 10.739 Loading class java/util/EnumMap$EnumMapIterator
Event: 10.739 Loading class java/util/EnumMap$EnumMapIterator done
Event: 10.739 Loading class java/util/EnumMap$EntryIterator done
Event: 10.739 Loading class java/util/EnumMap$EntryIterator$Entry
Event: 10.739 Loading class java/util/EnumMap$EntryIterator$Entry done
Event: 11.110 Loading class java/io/DataOutputStream
Event: 11.111 Loading class java/io/DataOutputStream done
Event: 11.282 Loading class java/util/stream/ReduceOps$2
Event: 11.282 Loading class java/util/stream/ReduceOps$2 done
Event: 11.282 Loading class java/util/stream/ReduceOps$2ReducingSink
Event: 11.282 Loading class java/util/stream/ReduceOps$2ReducingSink done

Classes unloaded (0 events):
No events

Classes redefined (0 events):
No events

Internal exceptions (20 events):
Event: 12.085 Thread 0x000001e87e670600 Exception <a 'sun/nio/fs/WindowsException'{0x0000000738461a20}> (0x0000000738461a20) 
thrown [s\src\hotspot\share\prims\jni.cpp, line 516]
Event: 12.085 Thread 0x000001e87e670600 Exception <a 'sun/nio/fs/WindowsException'{0x0000000738462430}> (0x0000000738462430) 
thrown [s\src\hotspot\share\prims\jni.cpp, line 516]
Event: 12.087 Thread 0x000001e87e670600 Exception <a 'sun/nio/fs/WindowsException'{0x000000073848cab0}> (0x000000073848cab0) 
thrown [s\src\hotspot\share\prims\jni.cpp, line 516]
Event: 12.087 Thread 0x000001e87e670600 Exception <a 'sun/nio/fs/WindowsException'{0x000000073848d1e8}> (0x000000073848d1e8) 
thrown [s\src\hotspot\share\prims\jni.cpp, line 516]
Event: 12.087 Thread 0x000001e87e670600 Exception <a 'sun/nio/fs/WindowsException'{0x000000073848dd38}> (0x000000073848dd38) 
thrown [s\src\hotspot\share\prims\jni.cpp, line 516]
Event: 12.089 Thread 0x000001e87e670600 Exception <a 'sun/nio/fs/WindowsException'{0x00000007384bd6d0}> (0x00000007384bd6d0) 
thrown [s\src\hotspot\share\prims\jni.cpp, line 516]
Event: 12.089 Thread 0x000001e87e670600 Exception <a 'sun/nio/fs/WindowsException'{0x00000007384bddd8}> (0x00000007384bddd8) 
thrown [s\src\hotspot\share\prims\jni.cpp, line 516]
Event: 12.089 Thread 0x000001e87e670600 Exception <a 'sun/nio/fs/WindowsException'{0x00000007384be820}> (0x00000007384be820) 
thrown [s\src\hotspot\share\prims\jni.cpp, line 516]
Event: 12.091 Thread 0x000001e87e670600 Exception <a 'sun/nio/fs/WindowsException'{0x00000007384e61b0}> (0x00000007384e61b0) 
thrown [s\src\hotspot\share\prims\jni.cpp, line 516]
Event: 12.091 Thread 0x000001e87e670600 Exception <a 'sun/nio/fs/WindowsException'{0x00000007384e68f8}> (0x00000007384e68f8) 
thrown [s\src\hotspot\share\prims\jni.cpp, line 516]
Event: 12.091 Thread 0x000001e87e670600 Exception <a 'sun/nio/fs/WindowsException'{0x00000007384e74a0}> (0x00000007384e74a0) 
thrown [s\src\hotspot\share\prims\jni.cpp, line 516]
Event: 12.093 Thread 0x000001e87e670600 Exception <a 'sun/nio/fs/WindowsException'{0x0000000738517328}> (0x0000000738517328) 
thrown [s\src\hotspot\share\prims\jni.cpp, line 516]
Event: 12.094 Thread 0x000001e87e670600 Exception <a 'sun/nio/fs/WindowsException'{0x0000000738517a38}> (0x0000000738517a38) 
thrown [s\src\hotspot\share\prims\jni.cpp, line 516]
Event: 12.094 Thread 0x000001e87e670600 Exception <a 'sun/nio/fs/WindowsException'{0x0000000738518488}> (0x0000000738518488) 
thrown [s\src\hotspot\share\prims\jni.cpp, line 516]
Event: 12.098 Thread 0x000001e87e670600 Exception <a 'sun/nio/fs/WindowsException'{0x000000073854f638}> (0x000000073854f638) 
thrown [s\src\hotspot\share\prims\jni.cpp, line 516]
Event: 12.099 Thread 0x000001e87e670600 Exception <a 'sun/nio/fs/WindowsException'{0x000000073854fd60}> (0x000000073854fd60) 
thrown [s\src\hotspot\share\prims\jni.cpp, line 516]
Event: 12.099 Thread 0x000001e87e670600 Exception <a 'sun/nio/fs/WindowsException'{0x0000000738550858}> (0x0000000738550858) 
thrown [s\src\hotspot\share\prims\jni.cpp, line 516]
Event: 12.103 Thread 0x000001e87e670600 Exception <a 'sun/nio/fs/WindowsException'{0x000000073859c5c8}> (0x000000073859c5c8) 
thrown [s\src\hotspot\share\prims\jni.cpp, line 516]
Event: 12.103 Thread 0x000001e87e670600 Exception <a 'sun/nio/fs/WindowsException'{0x000000073859ccc8}> (0x000000073859ccc8) 
thrown [s\src\hotspot\share\prims\jni.cpp, line 516]
Event: 12.103 Thread 0x000001e87e670600 Exception <a 'sun/nio/fs/WindowsException'{0x000000073859d6c0}> (0x000000073859d6c0) 
thrown [s\src\hotspot\share\prims\jni.cpp, line 516]

VM Operations (20 events):
Event: 11.165 Executing VM operation: ICBufferFull
Event: 11.165 Executing VM operation: ICBufferFull done
Event: 11.240 Executing VM operation: ICBufferFull
Event: 11.240 Executing VM operation: ICBufferFull done
Event: 11.262 Executing VM operation: HandshakeAllThreads
Event: 11.262 Executing VM operation: HandshakeAllThreads done
Event: 11.265 Executing VM operation: HandshakeAllThreads
Event: 11.265 Executing VM operation: HandshakeAllThreads done
Event: 11.292 Executing VM operation: ICBufferFull
Event: 11.293 Executing VM operation: ICBufferFull done
Event: 11.296 Executing VM operation: HandshakeAllThreads
Event: 11.296 Executing VM operation: HandshakeAllThreads done
Event: 11.334 Executing VM operation: ICBufferFull
Event: 11.335 Executing VM operation: ICBufferFull done
Event: 11.361 Executing VM operation: HandshakeAllThreads
Event: 11.361 Executing VM operation: HandshakeAllThreads done
Event: 11.429 Executing VM operation: ICBufferFull
Event: 11.429 Executing VM operation: ICBufferFull done
Event: 11.794 Executing VM operation: ICBufferFull
Event: 11.795 Executing VM operation: ICBufferFull done

Memory protections (0 events):
No events

Nmethod flushes (20 events):
Event: 10.644 Thread 0x000001e8226f04c0 flushing  nmethod 0x000001e808bb6590
Event: 10.644 Thread 0x000001e8226f04c0 flushing  nmethod 0x000001e808bc7790
Event: 10.644 Thread 0x000001e8226f04c0 flushing  nmethod 0x000001e808bcee90
Event: 10.644 Thread 0x000001e8226f04c0 flushing  nmethod 0x000001e808bd6210
Event: 10.644 Thread 0x000001e8226f04c0 flushing  nmethod 0x000001e808bdac10
Event: 10.644 Thread 0x000001e8226f04c0 flushing  nmethod 0x000001e808c2e910
Event: 10.644 Thread 0x000001e8226f04c0 flushing  nmethod 0x000001e808c73990
Event: 11.297 Thread 0x000001e8226f04c0 flushing  nmethod 0x000001e80f88ac90
Event: 11.297 Thread 0x000001e8226f04c0 flushing  nmethod 0x000001e80f891710
Event: 11.297 Thread 0x000001e8226f04c0 flushing  nmethod 0x000001e80fa21990
Event: 11.297 Thread 0x000001e8226f04c0 flushing  nmethod 0x000001e80fa2e910
Event: 11.299 Thread 0x000001e8226f04c0 flushing  nmethod 0x000001e80fce1410
Event: 11.300 Thread 0x000001e8226f04c0 flushing  nmethod 0x000001e80fdee590
Event: 11.305 Thread 0x000001e8226f04c0 flushing  nmethod 0x000001e80817f210
Event: 11.306 Thread 0x000001e8226f04c0 flushing  nmethod 0x000001e808222010
Event: 11.310 Thread 0x000001e8226f04c0 flushing  nmethod 0x000001e808763f10
Event: 11.310 Thread 0x000001e8226f04c0 flushing  nmethod 0x000001e80877e010
Event: 11.310 Thread 0x000001e8226f04c0 flushing  nmethod 0x000001e808806290
Event: 11.312 Thread 0x000001e8226f04c0 flushing  nmethod 0x000001e808958610
Event: 11.312 Thread 0x000001e8226f04c0 flushing  nmethod 0x000001e8089fc890

Events (20 events):
Event: 0.347 Thread 0x000001e8682487c0 Thread added: 0x000001e8682497b0
Event: 0.678 Thread 0x000001e8682497b0 Thread exited: 0x000001e8682497b0
Event: 2.679 Thread 0x000001e86824a250 Thread exited: 0x000001e86824a250
Event: 2.774 Thread 0x000001e822805a60 Thread added: 0x000001e8682497b0
Event: 7.117 Thread 0x000001e8682497b0 Thread exited: 0x000001e8682497b0
Event: 7.259 Thread 0x000001e8682487c0 Thread exited: 0x000001e8682487c0
Event: 7.736 Thread 0x000001e868248270 Thread exited: 0x000001e868248270
Event: 7.736 Thread 0x000001e868247d20 Thread exited: 0x000001e868247d20
Event: 7.736 Thread 0x000001e8682c6400 Thread exited: 0x000001e8682c6400
Event: 7.997 Thread 0x000001e822833f60 Thread added: 0x000001e869c13400
Event: 9.102 Thread 0x000001e869c13400 Thread exited: 0x000001e869c13400
Event: 9.901 Thread 0x000001e821fce530 Thread added: 0x000001e869de1de0
Event: 9.901 Thread 0x000001e821fce530 Thread added: 0x000001e869de1890
Event: 10.026 Thread 0x000001e869de1890 Thread exited: 0x000001e869de1890
Event: 10.026 Thread 0x000001e869de1de0 Thread exited: 0x000001e869de1de0
Event: 10.121 Thread 0x000001e822805a60 Thread added: 0x000001e86ad7db10
Event: 10.389 Thread 0x000001e86ad7db10 Thread exited: 0x000001e86ad7db10
Event: 10.480 Thread 0x000001e822833f60 Thread added: 0x000001e86ad7a590
Event: 10.481 Thread 0x000001e822833f60 Thread added: 0x000001e86ad795a0
Event: 10.673 Thread 0x000001e822805a60 Thread added: 0x000001e869631d10


Dynamic libraries:
0x00007ff704610000 - 0x00007ff70461e000 	C:\Program Files\Eclipse Adoptium\jdk-17.0.17.10-hotspot\bin\java.exe
0x00007ff999d60000 - 0x00007ff999fc7000 	C:\WINDOWS\SYSTEM32\ntdll.dll
0x00007ff998a60000 - 0x00007ff998b29000 	C:\WINDOWS\System32\KERNEL32.DLL
0x00007ff9966f0000 - 0x00007ff996ae4000 	C:\WINDOWS\System32\KERNELBASE.dll
0x00007ff996dc0000 - 0x00007ff996f0b000 	C:\WINDOWS\System32\ucrtbase.dll
0x00007ff993ac0000 - 0x00007ff993ade000 	C:\Program Files\Eclipse Adoptium\jdk-17.0.17.10-hotspot\bin\VCRUNTIME140.dll
0x00007ff985bd0000 - 0x00007ff985be8000 	C:\Program Files\Eclipse Adoptium\jdk-17.0.17.10-hotspot\bin\jli.dll
0x00007ff999060000 - 0x00007ff999225000 	C:\WINDOWS\System32\USER32.dll
0x00007ff975fd0000 - 0x00007ff976263000 	C:\WINDOWS\WinSxS\amd64_microsoft.windows.common-controls_6595b64144ccf1df_6.0.26100.8115_none_3e075c82e3354f9c\COMCTL32.dll
0x00007ff996f10000 - 0x00007ff996f37000 	C:\WINDOWS\System32\win32u.dll
0x00007ff998eb0000 - 0x00007ff998f59000 	C:\WINDOWS\System32\msvcrt.dll
0x00007ff997ce0000 - 0x00007ff997d0b000 	C:\WINDOWS\System32\GDI32.dll
0x00007ff997840000 - 0x00007ff99796b000 	C:\WINDOWS\System32\gdi32full.dll
0x00007ff996af0000 - 0x00007ff996b93000 	C:\WINDOWS\System32\msvcp_win.dll
0x00007ff9989a0000 - 0x00007ff9989d2000 	C:\WINDOWS\System32\IMM32.DLL
0x00007ff9939c0000 - 0x00007ff9939cc000 	C:\Program Files\Eclipse Adoptium\jdk-17.0.17.10-hotspot\bin\vcruntime140_1.dll
0x00007ff975610000 - 0x00007ff97569d000 	C:\Program Files\Eclipse Adoptium\jdk-17.0.17.10-hotspot\bin\msvcp140.dll
0x00007ff8ff7b0000 - 0x00007ff90041b000 	C:\Program Files\Eclipse Adoptium\jdk-17.0.17.10-hotspot\bin\server\jvm.dll
0x00007ff999230000 - 0x00007ff9992e6000 	C:\WINDOWS\System32\ADVAPI32.dll
0x00007ff997e70000 - 0x00007ff997f17000 	C:\WINDOWS\System32\sechost.dll
0x00007ff997b30000 - 0x00007ff997c48000 	C:\WINDOWS\System32\RPCRT4.dll
0x00007ff998f60000 - 0x00007ff998fe0000 	C:\WINDOWS\System32\WS2_32.dll
0x00007ff995d80000 - 0x00007ff995dde000 	C:\WINDOWS\SYSTEM32\POWRPROF.dll
0x00007ff993780000 - 0x00007ff9937b6000 	C:\WINDOWS\SYSTEM32\WINMM.dll
0x00007ff986490000 - 0x00007ff98649b000 	C:\WINDOWS\SYSTEM32\VERSION.dll
0x00007ff995d60000 - 0x00007ff995d74000 	C:\WINDOWS\SYSTEM32\UMPDC.dll
0x00007ff9953c0000 - 0x00007ff9953db000 	C:\WINDOWS\SYSTEM32\kernel.appcore.dll
0x00007ff9939a0000 - 0x00007ff9939aa000 	C:\Program Files\Eclipse Adoptium\jdk-17.0.17.10-hotspot\bin\jimage.dll
0x00007ff9944a0000 - 0x00007ff9946e2000 	C:\WINDOWS\SYSTEM32\DBGHELP.DLL
0x00007ff999970000 - 0x00007ff999cf2000 	C:\WINDOWS\System32\combase.dll
0x00007ff998dd0000 - 0x00007ff998ea8000 	C:\WINDOWS\System32\OLEAUT32.dll
0x00007ff974950000 - 0x00007ff97498b000 	C:\WINDOWS\SYSTEM32\dbgcore.DLL
0x00007ff996d10000 - 0x00007ff996db5000 	C:\WINDOWS\System32\bcryptPrimitives.dll
0x00007ff96eb00000 - 0x00007ff96eb25000 	C:\Program Files\Eclipse Adoptium\jdk-17.0.17.10-hotspot\bin\java.dll
0x00007ff961320000 - 0x00007ff9613f7000 	C:\Program Files\Eclipse Adoptium\jdk-17.0.17.10-hotspot\bin\jsvml.dll
0x00007ff9981c0000 - 0x00007ff998927000 	C:\WINDOWS\System32\SHELL32.dll
0x00007ff996ba0000 - 0x00007ff996d0a000 	C:\WINDOWS\System32\wintypes.dll
0x00007ff996fd0000 - 0x00007ff997838000 	C:\WINDOWS\System32\windows.storage.dll
0x00007ff9992f0000 - 0x00007ff9993e8000 	C:\WINDOWS\System32\SHCORE.dll
0x00007ff998930000 - 0x00007ff998996000 	C:\WINDOWS\System32\shlwapi.dll
0x00007ff996550000 - 0x00007ff996579000 	C:\WINDOWS\SYSTEM32\profapi.dll
0x00007ff981bc0000 - 0x00007ff981bda000 	C:\Program Files\Eclipse Adoptium\jdk-17.0.17.10-hotspot\bin\net.dll
0x00007ff989400000 - 0x00007ff98952d000 	C:\WINDOWS\SYSTEM32\WINHTTP.dll
0x00007ff9959a0000 - 0x00007ff995a0c000 	C:\WINDOWS\system32\mswsock.dll
0x00007ff980980000 - 0x00007ff980996000 	C:\Program Files\Eclipse Adoptium\jdk-17.0.17.10-hotspot\bin\nio.dll
0x00007ff96ec10000 - 0x00007ff96ec28000 	C:\Program Files\Eclipse Adoptium\jdk-17.0.17.10-hotspot\bin\zip.dll
0x00007ff96d9d0000 - 0x00007ff96d9f4000 	C:\Program Files\Apache\apache-maven-3.9.11\lib\jansi-native\Windows\x86_64\jansi.dll
0x00007ff986360000 - 0x00007ff986370000 	C:\Program Files\Eclipse Adoptium\jdk-17.0.17.10-hotspot\bin\verify.dll

dbghelp: loaded successfully - version: 4.0.5 - missing functions: none
symbol engine: initialized successfully - sym options: 0x614 - pdb path: .;C:\Program Files\Eclipse Adoptium\jdk-17.0.17.10-hotspot\bin;C:\WINDOWS\SYSTEM32;C:\WINDOWS\WinSxS\amd64_microsoft.windows.common-controls_6595b64144ccf1df_6.0.26100.8115_none_3e075c82e3354f9c;C:\Program Files\Eclipse Adoptium\jdk-17.0.17.10-hotspot\bin\server;C:\Program Files\Apache\apache-maven-3.9.11\lib\jansi-native\Windows\x86_64

VM Arguments:
jvm_args: --enable-native-access=ALL-UNNAMED -Dclassworlds.conf=C:\Program Files\Apache\apache-maven-3.9.11\bin\m2.conf -Dmaven.home=C:\Program Files\Apache\apache-maven-3.9.11 -Dlibrary.jansi.path=C:\Program Files\Apache\apache-maven-3.9.11\lib\jansi-native -Dmaven.multiModuleProjectDirectory=C:\Users\Devansh\Desktop\ITR-FilingWebsite-main\ITR-FilingWebsite-main\backend 
java_command: org.codehaus.plexus.classworlds.launcher.Launcher compile -q
java_class_path (initial): C:\Program Files\Apache\apache-maven-3.9.11\boot\plexus-classworlds-2.9.0.jar
Launcher Type: SUN_STANDARD

[Global flags]
     intx CICompilerCount                          = 12                                        {product} {ergonomic}
     uint ConcGCThreads                            = 4                                         {product} {ergonomic}
     uint G1ConcRefinementThreads                  = 16                                        {product} {ergonomic}
   size_t G1HeapRegionSize                         = 2097152                                   {product} {ergonomic}
    uintx GCDrainStackTargetSize                   = 64                                        {product} {ergonomic}
   size_t InitialHeapSize                          = 262144000                                 {product} {ergonomic}
   size_t MarkStackSize                            = 4194304                                   {product} {ergonomic}
   size_t MaxHeapSize                              = 4192206848                                {product} {ergonomic}
   size_t MaxNewSize                               = 2514485248                                {product} {ergonomic}
   size_t MinHeapDeltaBytes                        = 2097152                                   {product} {ergonomic}
   size_t MinHeapSize                              = 8388608                                   {product} {ergonomic}
    uintx NonNMethodCodeHeapSize                   = 7602480                                {pd product} {ergonomic}
    uintx NonProfiledCodeHeapSize                  = 122027880                              {pd product} {ergonomic}
    uintx ProfiledCodeHeapSize                     = 122027880                              {pd product} {ergonomic}
    uintx ReservedCodeCacheSize                    = 251658240                              {pd product} {ergonomic}
     bool SegmentedCodeCache                       = true                                      {product} {ergonomic}
   size_t SoftMaxHeapSize                          = 4192206848                             {manageable} {ergonomic}
     bool UseCompressedClassPointers               = true                           {product lp64_product} {ergonomic}
     bool UseCompressedOops                        = true                           {product lp64_product} {ergonomic}
     bool UseG1GC                                  = true                                      {product} {ergonomic}
     bool UseLargePagesIndividualAllocation        = false                                  {pd product} {ergonomic}

Logging:
Log output configuration:
 #0: stdout all=warning uptime,level,tags
 #1: stderr all=off uptime,level,tags

Environment Variables:
JAVA_HOME=C:\Program Files\Eclipse Adoptium\jdk-17.0.17.10-hotspot
PATH=C:\Users\Devansh\.factory\bin;C:\Program Files\Eclipse Adoptium\jdk-17.0.17.10-hotspot\bin;C:\Program Files\Python314\Scripts\;C:\Program Files\Python314\;C:\Program Files\Common Files\Oracle\Java\javapath;C:\WINDOWS\system32;C:\WINDOWS;C:\WINDOWS\System32\Wbem;C:\WINDOWS\System32\WindowsPowerShell\v1.0\;C:\WINDOWS\System32\OpenSSH\;C:\Program Files (x86)\NVIDIA Corporation\PhysX\Common;C:\Program Files\Git\cmd;C:\ProgramData\chocolatey\bin;C:\Program Files\MySQL\MySQL Server 8.0\bin;C:\Program Files\Python312;c:\Users\Devansh\AppData\Local\Programs\cursor\resources\app\bin;c:\Users\Devansh\AppData\Local\Programs\cursor\resources\app\bin;c:\Users\Devansh\AppData\Local\Programs\cursor\resources\app\bin;C:\MinGW\bin;C:\Program Files\Java\jdk-24\bin;C:\Program Files\MySQL\MySQL Server 8.0\bin;C:\Program Files\NVIDIA Corporation\NVIDIA App\NvDLISR;C:\Program Files\nodejs\;C:\Program Files\Docker\Docker\resources\bin;C:\Program Files\dotnet\;C:\Program Files\NASM;C:\Program Files\MySQL\MySQL Shell 8.0\bin\;C:\Users\Devansh\AppData\Local\Programs\Eclipse Adoptium\jdk-21.0.4.7-hotspot\bin;C:\Users\Devansh\AppData\Local\Microsoft\WindowsApps;C:\Users\Devansh\AppData\Local\Programs\Microsoft VS Code\bin;C:\Users\Devansh\AppData\Roaming\Python\Python312\Scripts;C:\Program Files\Python312\python.exe;C:\Users\Devansh\AppData\Local\Microsoft\WindowsApps\python.exe;C:\Users\Devansh\AppData\Local\Programs\cursor\resources\app\bin;C:\Users\Devansh\AppData\Roaming\npm;C:\Users\Devansh\AppData\Local\Programs\Ollama;C:\Program Files\Tesseract-OCR;C:\Users\Devansh\AppData\Local\Programs\mongosh\;C:\Users\Devansh\AppData\Local\Microsoft\WinGet\Packages\oschwartz10612.Poppler_Microsoft.Winget.Source_8wekyb3d8bbwe\poppler-25.07.0/Library/bin;C:\Users\Devansh\AppData\Local\Programs\Kiro\bin;C:\Program Files\Apache\apache-maven-3.9.11\bin;C:\Program Files (x86)\cloudflared\;C:\Program Files\swipl\bin;C:\Program Files\MySQL\MySQL Shell 8.0\bin\;C:\Users\Devansh\AppData\Local\Programs\Eclipse Adoptium\jdk-21.0.4.7-hotspot\bin;C:\Users\Devansh\AppData\Local\Microsoft\WindowsApps;C:\Users\Devansh\AppData\Local\Programs\Microsoft VS Code\bin;C:\Users\Devansh\AppData\Roaming\Python\Python312\Scripts;C:\Program Files\Python312\python.exe;C:\Users\Devansh\AppData\Local\Microsoft\WindowsApps\python.exe;C:\Users\Devansh\AppData\Local\Programs\cursor\resources\app\bin;C:\MinGW\bin;C:\Users\Devansh\AppData\Roaming\npm;C:\Users\Devansh\AppData\Local\Programs\Ollama;C:\Program Files\Tesseract-OCR;C:\Users\Devansh\AppData\Local\Programs\mongosh\;C:\Users\Devansh\AppData\Local\Microsoft\WinGet\Packages\oschwartz10612.Poppler_Microsoft.Winget.Source_8wekyb3d8bbwe\poppler-25.07.0/Library/bin;C:\Users\Devansh\AppData\Local\Programs\Kiro\bin;C:\Users\Devansh\AppData\Local\Microsoft\WinGet\Packages\Ngrok.Ngrok_Microsoft.Winget.Source_8wekyb3d8bbwe;;C:\Users\Devansh\AppData\Local\Programs\Antigravity\bin;C:\Users\Devansh\bin
USERNAME=Devansh
OS=Windows_NT
PROCESSOR_IDENTIFIER=Intel64 Family 6 Model 170 Stepping 4, GenuineIntel
TMP=C:\Users\Devansh\AppData\Local\Temp
TEMP=C:\Users\Devansh\AppData\Local\Temp



Periodic native trim disabled


---------------  S Y S T E M  ---------------

OS:
 Windows 11 , 64 bit Build 26100 (10.0.26100.8246)
OS uptime: 34 days 16:05 hours
Hyper-V role detected

CPU: total 22 (initial active 22) (11 cores per cpu, 2 threads per core) family 6 model 170 stepping 4 microcode 0x24, cx8, cmov, fxsr, ht, mmx, 3dnowpref, sse, sse2, sse3, ssse3, sse4.1, sse4.2, popcnt, lzcnt, tsc, tscinvbit, avx, avx2, aes, erms, clmul, bmi1, bmi2, adx, sha, fma, vzeroupper, clflush, clflushopt, clwb, hv
Processor Information for processor 0
  Max Mhz: 1400, Current Mhz: 1400, Mhz Limit: 1400
Processor Information for processor 1
  Max Mhz: 1400, Current Mhz: 1400, Mhz Limit: 1400
Processor Information for processor 2
  Max Mhz: 900, Current Mhz: 900, Mhz Limit: 900
Processor Information for processor 3
  Max Mhz: 900, Current Mhz: 900, Mhz Limit: 900
Processor Information for processor 4
  Max Mhz: 900, Current Mhz: 900, Mhz Limit: 900
Processor Information for processor 5
  Max Mhz: 900, Current Mhz: 900, Mhz Limit: 900
Processor Information for processor 6
  Max Mhz: 900, Current Mhz: 900, Mhz Limit: 900
Processor Information for processor 7
  Max Mhz: 900, Current Mhz: 900, Mhz Limit: 900
Processor Information for processor 8
  Max Mhz: 900, Current Mhz: 900, Mhz Limit: 900
Processor Information for processor 9
  Max Mhz: 900, Current Mhz: 900, Mhz Limit: 900
Processor Information for processor 10
  Max Mhz: 1400, Current Mhz: 1400, Mhz Limit: 1400
Processor Information for processor 11
  Max Mhz: 1400, Current Mhz: 1400, Mhz Limit: 1400
Processor Information for processor 12
  Max Mhz: 1400, Current Mhz: 1400, Mhz Limit: 1400
Processor Information for processor 13
  Max Mhz: 1400, Current Mhz: 1400, Mhz Limit: 1400
Processor Information for processor 14
  Max Mhz: 1400, Current Mhz: 1400, Mhz Limit: 1400
Processor Information for processor 15
  Max Mhz: 1400, Current Mhz: 1400, Mhz Limit: 1400
Processor Information for processor 16
  Max Mhz: 1400, Current Mhz: 1400, Mhz Limit: 1400
Processor Information for processor 17
  Max Mhz: 1400, Current Mhz: 1400, Mhz Limit: 1400
Processor Information for processor 18
  Max Mhz: 1400, Current Mhz: 1400, Mhz Limit: 1400
Processor Information for processor 19
  Max Mhz: 1400, Current Mhz: 1400, Mhz Limit: 1400
Processor Information for processor 20
  Max Mhz: 700, Current Mhz: 700, Mhz Limit: 700
Processor Information for processor 21
  Max Mhz: 700, Current Mhz: 700, Mhz Limit: 700

Memory: 4k page, system-wide physical 15989M (600M free)
TotalPageFile size 65141M (AvailPageFile size 38M)
current process WorkingSet (physical memory assigned to process): 1160M, peak: 1180M
current process commit charge ("private bytes"): 1241M, peak: 1263M

vm_info: OpenJDK 64-Bit Server VM (17.0.17+10) for windows-amd64 JRE (17.0.17+10), built on Oct 21 2025 23:25:32 by "admin" with unknown MS VC++:1942

END.
