#
# There is insufficient memory for the Java Runtime Environment to continue.
# Native memory allocation (malloc) failed to allocate 1113216 bytes. Error detail: Chunk::new
# Possible reasons:
#   The system is out of physical RAM or swap space
#   This process is running with CompressedOops enabled, and the Java Heap may be blocking the growth of the native heap
# Possible solutions:
#   Reduce memory load on the system
#   Increase physical memory or swap space
#   Check if swap backing store is full
#   Decrease Java heap size (-Xmx/-Xms)
#   Decrease number of Java threads
#   Decrease Java thread stack sizes (-Xss)
#   Set larger code cache with -XX:ReservedCodeCacheSize=
#   JVM is running with Zero Based Compressed Oops mode in which the Java heap is
#     placed in the first 32GB address space. The Java Heap base address is the
#     maximum limit for the native heap growth. Please use -XX:HeapBaseMinAddress
#     to set the Java Heap base and to place the Java Heap above 32GB virtual address.
# This output file may be truncated or incomplete.
#
#  Out of Memory Error (arena.cpp:191), pid=152264, tid=160796
#
# JRE version: OpenJDK Runtime Environment Temurin-17.0.17+10 (17.0.17+10) (build 17.0.17+10)
# Java VM: OpenJDK 64-Bit Server VM Temurin-17.0.17+10 (17.0.17+10, mixed mode, sharing, tiered, compressed oops, compressed class ptrs, g1 gc, windows-amd64)
# No core dump will be written. Minidumps are not enabled by default on client versions of Windows
#

---------------  S U M M A R Y ------------

Command Line: --enable-native-access=ALL-UNNAMED -Dclassworlds.conf=C:\Program Files\Apache\apache-maven-3.9.11\bin\m2.conf -Dmaven.home=C:\Program Files\Apache\apache-maven-3.9.11 -Dlibrary.jansi.path=C:\Program Files\Apache\apache-maven-3.9.11\lib\jansi-native -Dmaven.multiModuleProjectDirectory=C:\Users\Devansh\Desktop\ITR-FilingWebsite-main\ITR-FilingWebsite-main\backend org.codehaus.plexus.classworlds.launcher.Launcher compile -q

Host: Intel(R) Core(TM) Ultra 7 155H, 22 cores, 15G,  Windows 11 , 64 bit Build 26100 (10.0.26100.8246)
Time: Fri May 22 07:23:45 2026 India Standard Time elapsed time: 23.112931 seconds (0d 0h 0m 23s)

---------------  T H R E A D  ---------------

Current thread (0x0000017082297f80):  JavaThread "C2 CompilerThread1" daemon [_thread_in_native, id=160796, stack(0x0000003748800000,0x0000003748900000)]


Current CompileTask:
C2:23112 10255       4       java.lang.invoke.MethodType::makeImpl (109 bytes)

Stack: [0x0000003748800000,0x0000003748900000]
Native frames: (J=compiled Java code, j=interpreted, Vv=VM code, C=native code)
V  [jvm.dll+0x683fb9]
V  [jvm.dll+0x83a1b5]
V  [jvm.dll+0x83bc2e]
V  [jvm.dll+0x83c2b3]
V  [jvm.dll+0x248eff]
V  [jvm.dll+0xad496]
V  [jvm.dll+0xadb3c]
V  [jvm.dll+0x368a3e]
V  [jvm.dll+0x1bc1ef]
V  [jvm.dll+0x219f10]
V  [jvm.dll+0x219200]
V  [jvm.dll+0x1a4920]
V  [jvm.dll+0x22989a]
V  [jvm.dll+0x227a4b]
V  [jvm.dll+0x7effb8]
V  [jvm.dll+0x7ea44c]
V  [jvm.dll+0x682e87]
C  [ucrtbase.dll+0x37b0]
C  [KERNEL32.DLL+0x2e8d7]
C  [ntdll.dll+0x8c3fc]


---------------  P R O C E S S  ---------------

Threads class SMR info:
_java_thread_list=0x000001708082e5d0, length=16, elements={
0x00000170926eeb00, 0x00000170b7b48120, 0x00000170b7b48bf0, 0x00000170b7b63b40,
0x00000170b7b64410, 0x00000170b7b64ce0, 0x00000170b7b655b0, 0x00000170b7b66260,
0x00000170b847a490, 0x00000170b8492dc0, 0x00000170b861f4f0, 0x00000170b8623e40,
0x0000017082297f80, 0x0000017082299a10, 0x00000170822964f0, 0x0000017082296a40
}

Java Threads: ( => current thread )
  0x00000170926eeb00 JavaThread "main" [_thread_blocked, id=162416, stack(0x0000003747200000,0x0000003747300000)]
  0x00000170b7b48120 JavaThread "Reference Handler" daemon [_thread_blocked, id=160084, stack(0x0000003747900000,0x0000003747a00000)]
  0x00000170b7b48bf0 JavaThread "Finalizer" daemon [_thread_blocked, id=162664, stack(0x0000003747a00000,0x0000003747b00000)]
  0x00000170b7b63b40 JavaThread "Signal Dispatcher" daemon [_thread_blocked, id=161840, stack(0x0000003747b00000,0x0000003747c00000)]
  0x00000170b7b64410 JavaThread "Attach Listener" daemon [_thread_blocked, id=162432, stack(0x0000003747c00000,0x0000003747d00000)]
  0x00000170b7b64ce0 JavaThread "Service Thread" daemon [_thread_blocked, id=128704, stack(0x0000003747d00000,0x0000003747e00000)]
  0x00000170b7b655b0 JavaThread "Monitor Deflation Thread" daemon [_thread_blocked, id=152952, stack(0x0000003747e00000,0x0000003747f00000)]
  0x00000170b7b66260 JavaThread "C2 CompilerThread0" daemon [_thread_blocked, id=158700, stack(0x0000003747f00000,0x0000003748000000)]
  0x00000170b847a490 JavaThread "C1 CompilerThread0" daemon [_thread_blocked, id=94560, stack(0x0000003748000000,0x0000003748100000)]
  0x00000170b8492dc0 JavaThread "Sweeper thread" daemon [_thread_blocked, id=158384, stack(0x0000003748100000,0x0000003748200000)]
  0x00000170b861f4f0 JavaThread "Notification Thread" daemon [_thread_blocked, id=160344, stack(0x0000003748500000,0x0000003748600000)]
  0x00000170b8623e40 JavaThread "Common-Cleaner" daemon [_thread_blocked, id=156260, stack(0x0000003748700000,0x0000003748800000)]
=>0x0000017082297f80 JavaThread "C2 CompilerThread1" daemon [_thread_in_native, id=160796, stack(0x0000003748800000,0x0000003748900000)]
  0x0000017082299a10 JavaThread "C2 CompilerThread2" daemon [_thread_blocked, id=153084, stack(0x0000003749100000,0x0000003749200000)]
  0x00000170822964f0 JavaThread "C2 CompilerThread3" daemon [_thread_in_native, id=162564, stack(0x0000003748200000,0x0000003748300000)]
  0x0000017082296a40 JavaThread "C1 CompilerThread1" daemon [_thread_blocked, id=161700, stack(0x0000003748300000,0x0000003748400000)]

Other Threads:
  0x00000170b7b449e0 VMThread "VM Thread" [stack: 0x0000003747800000,0x0000003747900000] [id=161980]
  0x00000170b86219e0 WatcherThread [stack: 0x0000003748600000,0x0000003748700000] [id=79180]
  0x000001709275d570 GCTaskThread "GC Thread#0" [stack: 0x0000003747300000,0x0000003747400000] [id=153904]
  0x00000170fe703730 GCTaskThread "GC Thread#1" [stack: 0x0000003748900000,0x0000003748a00000] [id=154580]
  0x00000170fe1de430 GCTaskThread "GC Thread#2" [stack: 0x0000003748a00000,0x0000003748b00000] [id=161576]
  0x00000170fe9dc040 GCTaskThread "GC Thread#3" [stack: 0x0000003748b00000,0x0000003748c00000] [id=151672]
  0x00000170fe9dc300 GCTaskThread "GC Thread#4" [stack: 0x0000003748c00000,0x0000003748d00000] [id=156952]
  0x00000170fe9dc5c0 GCTaskThread "GC Thread#5" [stack: 0x0000003748d00000,0x0000003748e00000] [id=50268]
  0x00000170fea965a0 GCTaskThread "GC Thread#6" [stack: 0x0000003748e00000,0x0000003748f00000] [id=157104]
  0x00000170fe7fecc0 GCTaskThread "GC Thread#7" [stack: 0x0000003748f00000,0x0000003749000000] [id=102704]
  0x00000170fe585b20 GCTaskThread "GC Thread#8" [stack: 0x0000003749000000,0x0000003749100000] [id=156128]
  0x00000170808ad6d0 GCTaskThread "GC Thread#9" [stack: 0x0000003749200000,0x0000003749300000] [id=122424]
  0x000001708110c7f0 GCTaskThread "GC Thread#10" [stack: 0x0000003749300000,0x0000003749400000] [id=157488]
  0x00000170ff27b160 GCTaskThread "GC Thread#11" [stack: 0x0000003749400000,0x0000003749500000] [id=152040]
  0x00000170ff3f8100 GCTaskThread "GC Thread#12" [stack: 0x0000003749500000,0x0000003749600000] [id=153884]
  0x00000170ff3f8c00 GCTaskThread "GC Thread#13" [stack: 0x0000003749600000,0x0000003749700000] [id=158324]
  0x00000170ff3f7e40 GCTaskThread "GC Thread#14" [stack: 0x0000003749700000,0x0000003749800000] [id=159692]
  0x00000170ff3f7080 GCTaskThread "GC Thread#15" [stack: 0x0000003749800000,0x0000003749900000] [id=116460]
  0x000001709276dda0 ConcurrentGCThread "G1 Main Marker" [stack: 0x0000003747400000,0x0000003747500000] [id=155936]
  0x000001709276e6d0 ConcurrentGCThread "G1 Conc#0" [stack: 0x0000003747500000,0x0000003747600000] [id=161232]
  0x00000170ff3f7340 ConcurrentGCThread "G1 Conc#1" [stack: 0x0000003749900000,0x0000003749a00000] [id=87668]
  0x00000170ff3f78c0 ConcurrentGCThread "G1 Conc#2" [stack: 0x0000003749a00000,0x0000003749b00000] [id=162428]
  0x00000170ff3f7600 ConcurrentGCThread "G1 Conc#3" [stack: 0x0000003749b00000,0x0000003749c00000] [id=138524]
  0x000001709279e880 ConcurrentGCThread "G1 Refine#0" [stack: 0x0000003747600000,0x0000003747700000] [id=157476]
  0x000001708027a230 ConcurrentGCThread "G1 Refine#1" [stack: 0x0000003749c00000,0x0000003749d00000] [id=157796]
  0x00000170ff49b5c0 ConcurrentGCThread "G1 Refine#2" [stack: 0x0000003749d00000,0x0000003749e00000] [id=39152]
  0x00000170febcb850 ConcurrentGCThread "G1 Refine#3" [stack: 0x0000003749e00000,0x0000003749f00000] [id=161032]
  0x00000170818f5700 ConcurrentGCThread "G1 Refine#4" [stack: 0x0000003749f00000,0x000000374a000000] [id=160916]
  0x00000170818f62c0 ConcurrentGCThread "G1 Refine#5" [stack: 0x000000374a000000,0x000000374a100000] [id=100236]
  0x00000170b7a7c9a0 ConcurrentGCThread "G1 Service" [stack: 0x0000003747700000,0x0000003747800000] [id=128120]

Threads with active compile tasks:
C2 CompilerThread1  23130 10255       4       java.lang.invoke.MethodType::makeImpl (109 bytes)
C2 CompilerThread3  23130 10259       4       com.sun.tools.javac.jvm.ClassReader::setParameters (334 bytes)

VM state: not at safepoint (normal execution)

VM Mutex/Monitor currently owned by a thread: None

Heap address: 0x0000000706200000, size: 3998 MB, Compressed Oops mode: Zero based, Oop shift amount: 3

CDS archive(s) mapped at: [0x00000170b9000000-0x00000170b9bb0000-0x00000170b9bb0000), size 12255232, SharedBaseAddress: 0x00000170b9000000, ArchiveRelocationMode: 1.
Compressed class space mapped at: 0x00000170ba000000-0x00000170fa000000, reserved size: 1073741824
Narrow klass base: 0x00000170b9000000, Narrow klass shift: 0, Narrow klass range: 0x100000000

GC Precious Log:
 CPUs: 22 total, 22 available
 Memory: 15989M
 Large Page Support: Disabled
 NUMA Support: Disabled
 Compressed Oops: Enabled (Zero based)
 Heap Region Size: 2M
 Heap Min Capacity: 8M
 Heap Initial Capacity: 250M
 Heap Max Capacity: 3998M
 Pre-touch: Disabled
 Parallel Workers: 16
 Concurrent Workers: 4
 Concurrent Refinement Workers: 16
 Periodic GC: Disabled

Heap:
 garbage-first heap   total 843776K, used 486156K [0x0000000706200000, 0x0000000800000000)
  region size 2048K, 123 young (251904K), 12 survivors (24576K)
 Metaspace       used 30430K, committed 30784K, reserved 1114112K
  class space    used 3326K, committed 3520K, reserved 1048576K

Heap Regions: E=young(eden), S=young(survivor), O=old, HS=humongous(starts), HC=humongous(continues), CS=collection set, F=free, OA=open archive, CA=closed archive, TAMS=top-at-mark-start (previous, next)
|   0|0x0000000706200000, 0x0000000706400000, 0x0000000706400000|100%| O|  |TAMS 0x0000000706400000, 0x0000000706200000| Untracked 
|   1|0x0000000706400000, 0x0000000706600000, 0x0000000706600000|100%| O|  |TAMS 0x0000000706600000, 0x0000000706400000| Untracked 
|   2|0x0000000706600000, 0x0000000706800000, 0x0000000706800000|100%| O|  |TAMS 0x0000000706800000, 0x0000000706600000| Untracked 
|   3|0x0000000706800000, 0x0000000706a00000, 0x0000000706a00000|100%| O|  |TAMS 0x0000000706a00000, 0x0000000706800000| Untracked 
|   4|0x0000000706a00000, 0x0000000706c00000, 0x0000000706c00000|100%| O|  |TAMS 0x0000000706c00000, 0x0000000706a00000| Untracked 
|   5|0x0000000706c00000, 0x0000000706e00000, 0x0000000706e00000|100%| O|  |TAMS 0x0000000706e00000, 0x0000000706c00000| Untracked 
|   6|0x0000000706e00000, 0x0000000707000000, 0x0000000707000000|100%| O|  |TAMS 0x0000000707000000, 0x0000000706e00000| Untracked 
|   7|0x0000000707000000, 0x0000000707200000, 0x0000000707200000|100%| O|  |TAMS 0x0000000707200000, 0x0000000707000000| Untracked 
|   8|0x0000000707200000, 0x0000000707400000, 0x0000000707400000|100%| O|  |TAMS 0x0000000707400000, 0x0000000707200000| Untracked 
|   9|0x0000000707400000, 0x0000000707600000, 0x0000000707600000|100%| O|  |TAMS 0x0000000707600000, 0x0000000707400000| Untracked 
|  10|0x0000000707600000, 0x0000000707800000, 0x0000000707800000|100%| O|  |TAMS 0x0000000707800000, 0x0000000707600000| Untracked 
|  11|0x0000000707800000, 0x0000000707a00000, 0x0000000707a00000|100%| O|  |TAMS 0x0000000707a00000, 0x0000000707800000| Untracked 
|  12|0x0000000707a00000, 0x0000000707c00000, 0x0000000707c00000|100%| O|  |TAMS 0x0000000707c00000, 0x0000000707a00000| Untracked 
|  13|0x0000000707c00000, 0x0000000707e00000, 0x0000000707e00000|100%| O|  |TAMS 0x0000000707e00000, 0x0000000707c00000| Untracked 
|  14|0x0000000707e00000, 0x0000000708000000, 0x0000000708000000|100%| O|  |TAMS 0x0000000708000000, 0x0000000707e00000| Untracked 
|  15|0x0000000708000000, 0x0000000708200000, 0x0000000708200000|100%| O|  |TAMS 0x0000000708200000, 0x0000000708000000| Untracked 
|  16|0x0000000708200000, 0x0000000708400000, 0x0000000708400000|100%| O|  |TAMS 0x0000000708400000, 0x0000000708200000| Untracked 
|  17|0x0000000708400000, 0x0000000708600000, 0x0000000708600000|100%| O|  |TAMS 0x0000000708600000, 0x0000000708400000| Untracked 
|  18|0x0000000708600000, 0x0000000708800000, 0x0000000708800000|100%| O|  |TAMS 0x0000000708800000, 0x0000000708600000| Untracked 
|  19|0x0000000708800000, 0x0000000708a00000, 0x0000000708a00000|100%|HS|  |TAMS 0x0000000708a00000, 0x0000000708800000| Complete 
|  20|0x0000000708a00000, 0x0000000708c00000, 0x0000000708c00000|100%| O|  |TAMS 0x0000000708c00000, 0x0000000708a00000| Untracked 
|  21|0x0000000708c00000, 0x0000000708e00000, 0x0000000708e00000|100%| O|  |TAMS 0x0000000708e00000, 0x0000000708c00000| Untracked 
|  22|0x0000000708e00000, 0x0000000709000000, 0x0000000709000000|100%| O|  |TAMS 0x0000000709000000, 0x0000000708e00000| Untracked 
|  23|0x0000000709000000, 0x0000000709200000, 0x0000000709200000|100%| O|  |TAMS 0x0000000709200000, 0x0000000709000000| Untracked 
|  24|0x0000000709200000, 0x0000000709400000, 0x0000000709400000|100%| O|  |TAMS 0x0000000709400000, 0x0000000709200000| Untracked 
|  25|0x0000000709400000, 0x0000000709600000, 0x0000000709600000|100%| O|  |TAMS 0x0000000709600000, 0x0000000709400000| Untracked 
|  26|0x0000000709600000, 0x0000000709800000, 0x0000000709800000|100%|HS|  |TAMS 0x0000000709800000, 0x0000000709600000| Complete 
|  27|0x0000000709800000, 0x0000000709a00000, 0x0000000709a00000|100%| O|  |TAMS 0x0000000709a00000, 0x0000000709800000| Untracked 
|  28|0x0000000709a00000, 0x0000000709c00000, 0x0000000709c00000|100%| O|  |TAMS 0x0000000709c00000, 0x0000000709a00000| Untracked 
|  29|0x0000000709c00000, 0x0000000709e00000, 0x0000000709e00000|100%| O|  |TAMS 0x0000000709e00000, 0x0000000709c00000| Untracked 
|  30|0x0000000709e00000, 0x000000070a000000, 0x000000070a000000|100%| O|  |TAMS 0x000000070a000000, 0x0000000709e00000| Untracked 
|  31|0x000000070a000000, 0x000000070a200000, 0x000000070a200000|100%| O|  |TAMS 0x000000070a200000, 0x000000070a000000| Untracked 
|  32|0x000000070a200000, 0x000000070a400000, 0x000000070a400000|100%| O|  |TAMS 0x000000070a400000, 0x000000070a200000| Untracked 
|  33|0x000000070a400000, 0x000000070a600000, 0x000000070a600000|100%| O|  |TAMS 0x000000070a600000, 0x000000070a400000| Untracked 
|  34|0x000000070a600000, 0x000000070a800000, 0x000000070a800000|100%| O|  |TAMS 0x000000070a800000, 0x000000070a600000| Untracked 
|  35|0x000000070a800000, 0x000000070aa00000, 0x000000070aa00000|100%| O|  |TAMS 0x000000070a87e800, 0x000000070a800000| Untracked 
|  36|0x000000070aa00000, 0x000000070ac00000, 0x000000070ac00000|100%| O|  |TAMS 0x000000070aa00000, 0x000000070aa00000| Untracked 
|  37|0x000000070ac00000, 0x000000070ae00000, 0x000000070ae00000|100%| O|  |TAMS 0x000000070ac00000, 0x000000070ac00000| Untracked 
|  38|0x000000070ae00000, 0x000000070b000000, 0x000000070b000000|100%|HS|  |TAMS 0x000000070ae00000, 0x000000070ae00000| Complete 
|  39|0x000000070b000000, 0x000000070b200000, 0x000000070b200000|100%| O|  |TAMS 0x000000070b000000, 0x000000070b000000| Untracked 
|  40|0x000000070b200000, 0x000000070b400000, 0x000000070b400000|100%| O|  |TAMS 0x000000070b200000, 0x000000070b200000| Untracked 
|  41|0x000000070b400000, 0x000000070b600000, 0x000000070b600000|100%| O|  |TAMS 0x000000070b400000, 0x000000070b400000| Untracked 
|  42|0x000000070b600000, 0x000000070b800000, 0x000000070b800000|100%|HS|  |TAMS 0x000000070b600000, 0x000000070b600000| Complete 
|  43|0x000000070b800000, 0x000000070ba00000, 0x000000070ba00000|100%|HC|  |TAMS 0x000000070b800000, 0x000000070b800000| Complete 
|  44|0x000000070ba00000, 0x000000070bc00000, 0x000000070bc00000|100%| O|  |TAMS 0x000000070ba00000, 0x000000070ba00000| Untracked 
|  45|0x000000070bc00000, 0x000000070be00000, 0x000000070be00000|100%| O|  |TAMS 0x000000070bc00000, 0x000000070bc00000| Untracked 
|  46|0x000000070be00000, 0x000000070c000000, 0x000000070c000000|100%| O|  |TAMS 0x000000070be00000, 0x000000070be00000| Untracked 
|  47|0x000000070c000000, 0x000000070c200000, 0x000000070c200000|100%| O|  |TAMS 0x000000070c000000, 0x000000070c000000| Untracked 
|  48|0x000000070c200000, 0x000000070c400000, 0x000000070c400000|100%| O|  |TAMS 0x000000070c200000, 0x000000070c200000| Untracked 
|  49|0x000000070c400000, 0x000000070c600000, 0x000000070c600000|100%| O|  |TAMS 0x000000070c400000, 0x000000070c400000| Untracked 
|  50|0x000000070c600000, 0x000000070c800000, 0x000000070c800000|100%| O|  |TAMS 0x000000070c600000, 0x000000070c600000| Untracked 
|  51|0x000000070c800000, 0x000000070ca00000, 0x000000070ca00000|100%|HS|  |TAMS 0x000000070c800000, 0x000000070c800000| Complete 
|  52|0x000000070ca00000, 0x000000070cc00000, 0x000000070cc00000|100%|HS|  |TAMS 0x000000070ca00000, 0x000000070ca00000| Complete 
|  53|0x000000070cc00000, 0x000000070ce00000, 0x000000070ce00000|100%| O|  |TAMS 0x000000070cc00000, 0x000000070cc00000| Untracked 
|  54|0x000000070ce00000, 0x000000070d000000, 0x000000070d000000|100%| O|  |TAMS 0x000000070ce00000, 0x000000070ce00000| Untracked 
|  55|0x000000070d000000, 0x000000070d200000, 0x000000070d200000|100%| O|  |TAMS 0x000000070d000000, 0x000000070d000000| Untracked 
|  56|0x000000070d200000, 0x000000070d400000, 0x000000070d400000|100%| O|  |TAMS 0x000000070d200000, 0x000000070d200000| Untracked 
|  57|0x000000070d400000, 0x000000070d600000, 0x000000070d600000|100%|HS|  |TAMS 0x000000070d400000, 0x000000070d400000| Complete 
|  58|0x000000070d600000, 0x000000070d800000, 0x000000070d800000|100%|HC|  |TAMS 0x000000070d600000, 0x000000070d600000| Complete 
|  59|0x000000070d800000, 0x000000070da00000, 0x000000070da00000|100%|HS|  |TAMS 0x000000070d800000, 0x000000070d800000| Complete 
|  60|0x000000070da00000, 0x000000070dc00000, 0x000000070dc00000|100%|HC|  |TAMS 0x000000070da00000, 0x000000070da00000| Complete 
|  61|0x000000070dc00000, 0x000000070de00000, 0x000000070de00000|100%|HC|  |TAMS 0x000000070dc00000, 0x000000070dc00000| Complete 
|  62|0x000000070de00000, 0x000000070e000000, 0x000000070e000000|100%| O|  |TAMS 0x000000070de00000, 0x000000070de00000| Untracked 
|  63|0x000000070e000000, 0x000000070e200000, 0x000000070e200000|100%| O|  |TAMS 0x000000070e000000, 0x000000070e000000| Untracked 
|  64|0x000000070e200000, 0x000000070e400000, 0x000000070e400000|100%| O|  |TAMS 0x000000070e200000, 0x000000070e200000| Untracked 
|  65|0x000000070e400000, 0x000000070e600000, 0x000000070e600000|100%| O|  |TAMS 0x000000070e400000, 0x000000070e400000| Untracked 
|  66|0x000000070e600000, 0x000000070e800000, 0x000000070e800000|100%| O|  |TAMS 0x000000070e600000, 0x000000070e600000| Untracked 
|  67|0x000000070e800000, 0x000000070ea00000, 0x000000070ea00000|100%| O|  |TAMS 0x000000070e800000, 0x000000070e800000| Untracked 
|  68|0x000000070ea00000, 0x000000070ec00000, 0x000000070ec00000|100%| O|  |TAMS 0x000000070ea00000, 0x000000070ea00000| Untracked 
|  69|0x000000070ec00000, 0x000000070ee00000, 0x000000070ee00000|100%| O|  |TAMS 0x000000070ec00000, 0x000000070ec00000| Untracked 
|  70|0x000000070ee00000, 0x000000070f000000, 0x000000070f000000|100%| O|  |TAMS 0x000000070ee00000, 0x000000070ee00000| Untracked 
|  71|0x000000070f000000, 0x000000070f200000, 0x000000070f200000|100%| O|  |TAMS 0x000000070f000000, 0x000000070f000000| Untracked 
|  72|0x000000070f200000, 0x000000070f400000, 0x000000070f400000|100%| O|  |TAMS 0x000000070f200000, 0x000000070f200000| Untracked 
|  73|0x000000070f400000, 0x000000070f600000, 0x000000070f600000|100%| O|  |TAMS 0x000000070f400000, 0x000000070f400000| Untracked 
|  74|0x000000070f600000, 0x000000070f800000, 0x000000070f800000|100%| O|  |TAMS 0x000000070f600000, 0x000000070f600000| Untracked 
|  75|0x000000070f800000, 0x000000070fa00000, 0x000000070fa00000|100%| O|  |TAMS 0x000000070f800000, 0x000000070f800000| Untracked 
|  76|0x000000070fa00000, 0x000000070fc00000, 0x000000070fc00000|100%| O|  |TAMS 0x000000070fa00000, 0x000000070fa00000| Untracked 
|  77|0x000000070fc00000, 0x000000070fe00000, 0x000000070fe00000|100%| O|  |TAMS 0x000000070fc00000, 0x000000070fc00000| Untracked 
|  78|0x000000070fe00000, 0x0000000710000000, 0x0000000710000000|100%| O|  |TAMS 0x000000070fe00000, 0x000000070fe00000| Untracked 
|  79|0x0000000710000000, 0x0000000710200000, 0x0000000710200000|100%| O|  |TAMS 0x0000000710000000, 0x0000000710000000| Untracked 
|  80|0x0000000710200000, 0x0000000710400000, 0x0000000710400000|100%| O|  |TAMS 0x0000000710200000, 0x0000000710200000| Untracked 
|  81|0x0000000710400000, 0x0000000710600000, 0x0000000710600000|100%| O|  |TAMS 0x0000000710400000, 0x0000000710400000| Untracked 
|  82|0x0000000710600000, 0x0000000710800000, 0x0000000710800000|100%|HS|  |TAMS 0x0000000710600000, 0x0000000710600000| Complete 
|  83|0x0000000710800000, 0x0000000710a00000, 0x0000000710a00000|100%|HS|  |TAMS 0x0000000710800000, 0x0000000710800000| Complete 
|  84|0x0000000710a00000, 0x0000000710c00000, 0x0000000710c00000|100%|HS|  |TAMS 0x0000000710a00000, 0x0000000710a00000| Complete 
|  85|0x0000000710c00000, 0x0000000710e00000, 0x0000000710e00000|100%|HS|  |TAMS 0x0000000710c00000, 0x0000000710c00000| Complete 
|  86|0x0000000710e00000, 0x0000000711000000, 0x0000000711000000|100%|HS|  |TAMS 0x0000000710e00000, 0x0000000710e00000| Complete 
|  87|0x0000000711000000, 0x0000000711200000, 0x0000000711200000|100%|HS|  |TAMS 0x0000000711000000, 0x0000000711000000| Complete 
|  88|0x0000000711200000, 0x0000000711400000, 0x0000000711400000|100%|HS|  |TAMS 0x0000000711200000, 0x0000000711200000| Complete 
|  89|0x0000000711400000, 0x0000000711600000, 0x0000000711600000|100%|HS|  |TAMS 0x0000000711400000, 0x0000000711400000| Complete 
|  90|0x0000000711600000, 0x0000000711800000, 0x0000000711800000|100%| O|  |TAMS 0x0000000711600000, 0x0000000711600000| Untracked 
|  91|0x0000000711800000, 0x0000000711a00000, 0x0000000711a00000|100%| O|  |TAMS 0x0000000711800000, 0x0000000711800000| Untracked 
|  92|0x0000000711a00000, 0x0000000711c00000, 0x0000000711c00000|100%| O|  |TAMS 0x0000000711a00000, 0x0000000711a00000| Untracked 
|  93|0x0000000711c00000, 0x0000000711e00000, 0x0000000711e00000|100%| O|  |TAMS 0x0000000711c00000, 0x0000000711c00000| Untracked 
|  94|0x0000000711e00000, 0x0000000712000000, 0x0000000712000000|100%| O|  |TAMS 0x0000000711e00000, 0x0000000711e00000| Untracked 
|  95|0x0000000712000000, 0x0000000712200000, 0x0000000712200000|100%| O|  |TAMS 0x0000000712000000, 0x0000000712000000| Untracked 
|  96|0x0000000712200000, 0x0000000712400000, 0x0000000712400000|100%|HS|  |TAMS 0x0000000712200000, 0x0000000712200000| Complete 
|  97|0x0000000712400000, 0x0000000712600000, 0x0000000712600000|100%|HS|  |TAMS 0x0000000712400000, 0x0000000712400000| Complete 
|  98|0x0000000712600000, 0x0000000712800000, 0x0000000712800000|100%|HS|  |TAMS 0x0000000712600000, 0x0000000712600000| Complete 
|  99|0x0000000712800000, 0x0000000712a00000, 0x0000000712a00000|100%|HS|  |TAMS 0x0000000712800000, 0x0000000712800000| Complete 
| 100|0x0000000712a00000, 0x0000000712c00000, 0x0000000712c00000|100%| O|  |TAMS 0x0000000712a00000, 0x0000000712a00000| Untracked 
| 101|0x0000000712c00000, 0x0000000712e00000, 0x0000000712e00000|100%| O|  |TAMS 0x0000000712c00000, 0x0000000712c00000| Untracked 
| 102|0x0000000712e00000, 0x0000000713000000, 0x0000000713000000|100%| O|  |TAMS 0x0000000712e00000, 0x0000000712e00000| Untracked 
| 103|0x0000000713000000, 0x0000000713200000, 0x0000000713200000|100%| O|  |TAMS 0x0000000713000000, 0x0000000713000000| Untracked 
| 104|0x0000000713200000, 0x0000000713400000, 0x0000000713400000|100%| O|  |TAMS 0x0000000713200000, 0x0000000713200000| Untracked 
| 105|0x0000000713400000, 0x0000000713600000, 0x0000000713600000|100%| O|  |TAMS 0x0000000713400000, 0x0000000713400000| Untracked 
| 106|0x0000000713600000, 0x0000000713800000, 0x0000000713800000|100%| O|  |TAMS 0x0000000713600000, 0x0000000713600000| Untracked 
| 107|0x0000000713800000, 0x0000000713a00000, 0x0000000713a00000|100%| O|  |TAMS 0x0000000713800000, 0x0000000713800000| Untracked 
| 108|0x0000000713a00000, 0x0000000713c00000, 0x0000000713c00000|100%| O|  |TAMS 0x0000000713a00000, 0x0000000713a00000| Untracked 
| 109|0x0000000713c00000, 0x0000000713e00000, 0x0000000713e00000|100%| O|  |TAMS 0x0000000713c00000, 0x0000000713c00000| Untracked 
| 110|0x0000000713e00000, 0x0000000714000000, 0x0000000714000000|100%| O|  |TAMS 0x0000000713e00000, 0x0000000713e00000| Untracked 
| 111|0x0000000714000000, 0x00000007141bb400, 0x0000000714200000| 86%| O|  |TAMS 0x0000000714000000, 0x0000000714000000| Untracked 
| 112|0x0000000714200000, 0x0000000714400000, 0x0000000714400000|100%|HS|  |TAMS 0x0000000714200000, 0x0000000714200000| Complete 
| 113|0x0000000714400000, 0x0000000714600000, 0x0000000714600000|100%|HS|  |TAMS 0x0000000714400000, 0x0000000714400000| Complete 
| 114|0x0000000714600000, 0x0000000714600000, 0x0000000714800000|  0%| F|  |TAMS 0x0000000714600000, 0x0000000714600000| Untracked 
| 115|0x0000000714800000, 0x0000000714800000, 0x0000000714a00000|  0%| F|  |TAMS 0x0000000714800000, 0x0000000714800000| Untracked 
| 116|0x0000000714a00000, 0x0000000714a00000, 0x0000000714c00000|  0%| F|  |TAMS 0x0000000714a00000, 0x0000000714a00000| Untracked 
| 117|0x0000000714c00000, 0x0000000714c00000, 0x0000000714e00000|  0%| F|  |TAMS 0x0000000714c00000, 0x0000000714c00000| Untracked 
| 118|0x0000000714e00000, 0x0000000714e00000, 0x0000000715000000|  0%| F|  |TAMS 0x0000000714e00000, 0x0000000714e00000| Untracked 
| 119|0x0000000715000000, 0x0000000715000000, 0x0000000715200000|  0%| F|  |TAMS 0x0000000715000000, 0x0000000715000000| Untracked 
| 120|0x0000000715200000, 0x0000000715200000, 0x0000000715400000|  0%| F|  |TAMS 0x0000000715200000, 0x0000000715200000| Untracked 
| 121|0x0000000715400000, 0x0000000715400000, 0x0000000715600000|  0%| F|  |TAMS 0x0000000715400000, 0x0000000715400000| Untracked 
| 122|0x0000000715600000, 0x0000000715600000, 0x0000000715800000|  0%| F|  |TAMS 0x0000000715600000, 0x0000000715600000| Untracked 
| 123|0x0000000715800000, 0x0000000715800000, 0x0000000715a00000|  0%| F|  |TAMS 0x0000000715800000, 0x0000000715800000| Untracked 
| 124|0x0000000715a00000, 0x0000000715a00000, 0x0000000715c00000|  0%| F|  |TAMS 0x0000000715a00000, 0x0000000715a00000| Untracked 
| 125|0x0000000715c00000, 0x0000000715c00000, 0x0000000715e00000|  0%| F|  |TAMS 0x0000000715c00000, 0x0000000715c00000| Untracked 
| 126|0x0000000715e00000, 0x0000000715e00000, 0x0000000716000000|  0%| F|  |TAMS 0x0000000715e00000, 0x0000000715e00000| Untracked 
| 127|0x0000000716000000, 0x0000000716000000, 0x0000000716200000|  0%| F|  |TAMS 0x0000000716000000, 0x0000000716000000| Untracked 
| 128|0x0000000716200000, 0x0000000716200000, 0x0000000716400000|  0%| F|  |TAMS 0x0000000716200000, 0x0000000716200000| Untracked 
| 129|0x0000000716400000, 0x0000000716400000, 0x0000000716600000|  0%| F|  |TAMS 0x0000000716400000, 0x0000000716400000| Untracked 
| 130|0x0000000716600000, 0x0000000716600000, 0x0000000716800000|  0%| F|  |TAMS 0x0000000716600000, 0x0000000716600000| Untracked 
| 131|0x0000000716800000, 0x0000000716800000, 0x0000000716a00000|  0%| F|  |TAMS 0x0000000716800000, 0x0000000716800000| Untracked 
| 132|0x0000000716a00000, 0x0000000716a00000, 0x0000000716c00000|  0%| F|  |TAMS 0x0000000716a00000, 0x0000000716a00000| Untracked 
| 133|0x0000000716c00000, 0x0000000716c00000, 0x0000000716e00000|  0%| F|  |TAMS 0x0000000716c00000, 0x0000000716c00000| Untracked 
| 134|0x0000000716e00000, 0x0000000716e00000, 0x0000000717000000|  0%| F|  |TAMS 0x0000000716e00000, 0x0000000716e00000| Untracked 
| 135|0x0000000717000000, 0x0000000717000000, 0x0000000717200000|  0%| F|  |TAMS 0x0000000717000000, 0x0000000717000000| Untracked 
| 136|0x0000000717200000, 0x0000000717200000, 0x0000000717400000|  0%| F|  |TAMS 0x0000000717200000, 0x0000000717200000| Untracked 
| 137|0x0000000717400000, 0x0000000717400000, 0x0000000717600000|  0%| F|  |TAMS 0x0000000717400000, 0x0000000717400000| Untracked 
| 138|0x0000000717600000, 0x0000000717600000, 0x0000000717800000|  0%| F|  |TAMS 0x0000000717600000, 0x0000000717600000| Untracked 
| 139|0x0000000717800000, 0x0000000717800000, 0x0000000717a00000|  0%| F|  |TAMS 0x0000000717800000, 0x0000000717800000| Untracked 
| 140|0x0000000717a00000, 0x0000000717a00000, 0x0000000717c00000|  0%| F|  |TAMS 0x0000000717a00000, 0x0000000717a00000| Untracked 
| 141|0x0000000717c00000, 0x0000000717c00000, 0x0000000717e00000|  0%| F|  |TAMS 0x0000000717c00000, 0x0000000717c00000| Untracked 
| 142|0x0000000717e00000, 0x0000000717e00000, 0x0000000718000000|  0%| F|  |TAMS 0x0000000717e00000, 0x0000000717e00000| Untracked 
| 143|0x0000000718000000, 0x0000000718000000, 0x0000000718200000|  0%| F|  |TAMS 0x0000000718000000, 0x0000000718000000| Untracked 
| 144|0x0000000718200000, 0x0000000718200000, 0x0000000718400000|  0%| F|  |TAMS 0x0000000718200000, 0x0000000718200000| Untracked 
| 145|0x0000000718400000, 0x0000000718400000, 0x0000000718600000|  0%| F|  |TAMS 0x0000000718400000, 0x0000000718400000| Untracked 
| 146|0x0000000718600000, 0x0000000718600000, 0x0000000718800000|  0%| F|  |TAMS 0x0000000718600000, 0x0000000718600000| Untracked 
| 147|0x0000000718800000, 0x0000000718800000, 0x0000000718a00000|  0%| F|  |TAMS 0x0000000718800000, 0x0000000718800000| Untracked 
| 148|0x0000000718a00000, 0x0000000718a00000, 0x0000000718c00000|  0%| F|  |TAMS 0x0000000718a00000, 0x0000000718a00000| Untracked 
| 149|0x0000000718c00000, 0x0000000718c00000, 0x0000000718e00000|  0%| F|  |TAMS 0x0000000718c00000, 0x0000000718c00000| Untracked 
| 150|0x0000000718e00000, 0x0000000718e00000, 0x0000000719000000|  0%| F|  |TAMS 0x0000000718e00000, 0x0000000718e00000| Untracked 
| 151|0x0000000719000000, 0x0000000719000000, 0x0000000719200000|  0%| F|  |TAMS 0x0000000719000000, 0x0000000719000000| Untracked 
| 152|0x0000000719200000, 0x0000000719200000, 0x0000000719400000|  0%| F|  |TAMS 0x0000000719200000, 0x0000000719200000| Untracked 
| 153|0x0000000719400000, 0x0000000719400000, 0x0000000719600000|  0%| F|  |TAMS 0x0000000719400000, 0x0000000719400000| Untracked 
| 154|0x0000000719600000, 0x0000000719600000, 0x0000000719800000|  0%| F|  |TAMS 0x0000000719600000, 0x0000000719600000| Untracked 
| 155|0x0000000719800000, 0x0000000719800000, 0x0000000719a00000|  0%| F|  |TAMS 0x0000000719800000, 0x0000000719800000| Untracked 
| 156|0x0000000719a00000, 0x0000000719a00000, 0x0000000719c00000|  0%| F|  |TAMS 0x0000000719a00000, 0x0000000719a00000| Untracked 
| 157|0x0000000719c00000, 0x0000000719c00000, 0x0000000719e00000|  0%| F|  |TAMS 0x0000000719c00000, 0x0000000719c00000| Untracked 
| 158|0x0000000719e00000, 0x0000000719e00000, 0x000000071a000000|  0%| F|  |TAMS 0x0000000719e00000, 0x0000000719e00000| Untracked 
| 159|0x000000071a000000, 0x000000071a000000, 0x000000071a200000|  0%| F|  |TAMS 0x000000071a000000, 0x000000071a000000| Untracked 
| 160|0x000000071a200000, 0x000000071a200000, 0x000000071a400000|  0%| F|  |TAMS 0x000000071a200000, 0x000000071a200000| Untracked 
| 161|0x000000071a400000, 0x000000071a400000, 0x000000071a600000|  0%| F|  |TAMS 0x000000071a400000, 0x000000071a400000| Untracked 
| 162|0x000000071a600000, 0x000000071a600000, 0x000000071a800000|  0%| F|  |TAMS 0x000000071a600000, 0x000000071a600000| Untracked 
| 163|0x000000071a800000, 0x000000071a800000, 0x000000071aa00000|  0%| F|  |TAMS 0x000000071a800000, 0x000000071a800000| Untracked 
| 164|0x000000071aa00000, 0x000000071aa00000, 0x000000071ac00000|  0%| F|  |TAMS 0x000000071aa00000, 0x000000071aa00000| Untracked 
| 165|0x000000071ac00000, 0x000000071ac00000, 0x000000071ae00000|  0%| F|  |TAMS 0x000000071ac00000, 0x000000071ac00000| Untracked 
| 166|0x000000071ae00000, 0x000000071ae00000, 0x000000071b000000|  0%| F|  |TAMS 0x000000071ae00000, 0x000000071ae00000| Untracked 
| 167|0x000000071b000000, 0x000000071b000000, 0x000000071b200000|  0%| F|  |TAMS 0x000000071b000000, 0x000000071b000000| Untracked 
| 168|0x000000071b200000, 0x000000071b200000, 0x000000071b400000|  0%| F|  |TAMS 0x000000071b200000, 0x000000071b200000| Untracked 
| 169|0x000000071b400000, 0x000000071b400000, 0x000000071b600000|  0%| F|  |TAMS 0x000000071b400000, 0x000000071b400000| Untracked 
| 170|0x000000071b600000, 0x000000071b600000, 0x000000071b800000|  0%| F|  |TAMS 0x000000071b600000, 0x000000071b600000| Untracked 
| 171|0x000000071b800000, 0x000000071b800000, 0x000000071ba00000|  0%| F|  |TAMS 0x000000071b800000, 0x000000071b800000| Untracked 
| 172|0x000000071ba00000, 0x000000071bb07df0, 0x000000071bc00000| 51%| S|CS|TAMS 0x000000071ba00000, 0x000000071ba00000| Complete 
| 173|0x000000071bc00000, 0x000000071bc00000, 0x000000071be00000|  0%| F|  |TAMS 0x000000071bc00000, 0x000000071bc00000| Untracked 
| 174|0x000000071be00000, 0x000000071be00000, 0x000000071c000000|  0%| F|  |TAMS 0x000000071be00000, 0x000000071be00000| Untracked 
| 175|0x000000071c000000, 0x000000071c200000, 0x000000071c200000|100%| S|CS|TAMS 0x000000071c000000, 0x000000071c000000| Complete 
| 176|0x000000071c200000, 0x000000071c400000, 0x000000071c400000|100%| S|CS|TAMS 0x000000071c200000, 0x000000071c200000| Complete 
| 177|0x000000071c400000, 0x000000071c600000, 0x000000071c600000|100%| S|CS|TAMS 0x000000071c400000, 0x000000071c400000| Complete 
| 178|0x000000071c600000, 0x000000071c800000, 0x000000071c800000|100%| S|CS|TAMS 0x000000071c600000, 0x000000071c600000| Complete 
| 179|0x000000071c800000, 0x000000071ca00000, 0x000000071ca00000|100%| S|CS|TAMS 0x000000071c800000, 0x000000071c800000| Complete 
| 180|0x000000071ca00000, 0x000000071cc00000, 0x000000071cc00000|100%| S|CS|TAMS 0x000000071ca00000, 0x000000071ca00000| Complete 
| 181|0x000000071cc00000, 0x000000071ce00000, 0x000000071ce00000|100%| S|CS|TAMS 0x000000071cc00000, 0x000000071cc00000| Complete 
| 182|0x000000071ce00000, 0x000000071ce00000, 0x000000071d000000|  0%| F|  |TAMS 0x000000071ce00000, 0x000000071ce00000| Untracked 
| 183|0x000000071d000000, 0x000000071d000000, 0x000000071d200000|  0%| F|  |TAMS 0x000000071d000000, 0x000000071d000000| Untracked 
| 184|0x000000071d200000, 0x000000071d200000, 0x000000071d400000|  0%| F|  |TAMS 0x000000071d200000, 0x000000071d200000| Untracked 
| 185|0x000000071d400000, 0x000000071d400000, 0x000000071d600000|  0%| F|  |TAMS 0x000000071d400000, 0x000000071d400000| Untracked 
| 186|0x000000071d600000, 0x000000071d600000, 0x000000071d800000|  0%| F|  |TAMS 0x000000071d600000, 0x000000071d600000| Untracked 
| 187|0x000000071d800000, 0x000000071d800000, 0x000000071da00000|  0%| F|  |TAMS 0x000000071d800000, 0x000000071d800000| Untracked 
| 188|0x000000071da00000, 0x000000071da00000, 0x000000071dc00000|  0%| F|  |TAMS 0x000000071da00000, 0x000000071da00000| Untracked 
| 189|0x000000071dc00000, 0x000000071dc00000, 0x000000071de00000|  0%| F|  |TAMS 0x000000071dc00000, 0x000000071dc00000| Untracked 
| 190|0x000000071de00000, 0x000000071de00000, 0x000000071e000000|  0%| F|  |TAMS 0x000000071de00000, 0x000000071de00000| Untracked 
| 191|0x000000071e000000, 0x000000071e000000, 0x000000071e200000|  0%| F|  |TAMS 0x000000071e000000, 0x000000071e000000| Untracked 
| 192|0x000000071e200000, 0x000000071e400000, 0x000000071e400000|100%| S|CS|TAMS 0x000000071e200000, 0x000000071e200000| Complete 
| 193|0x000000071e400000, 0x000000071e600000, 0x000000071e600000|100%| S|CS|TAMS 0x000000071e400000, 0x000000071e400000| Complete 
| 194|0x000000071e600000, 0x000000071e800000, 0x000000071e800000|100%| S|CS|TAMS 0x000000071e600000, 0x000000071e600000| Complete 
| 195|0x000000071e800000, 0x000000071ea00000, 0x000000071ea00000|100%| S|CS|TAMS 0x000000071e800000, 0x000000071e800000| Complete 
| 196|0x000000071ea00000, 0x000000071ea00000, 0x000000071ec00000|  0%| F|  |TAMS 0x000000071ea00000, 0x000000071ea00000| Untracked 
| 197|0x000000071ec00000, 0x000000071ec00000, 0x000000071ee00000|  0%| F|  |TAMS 0x000000071ec00000, 0x000000071ec00000| Untracked 
| 198|0x000000071ee00000, 0x000000071ee00000, 0x000000071f000000|  0%| F|  |TAMS 0x000000071ee00000, 0x000000071ee00000| Untracked 
| 199|0x000000071f000000, 0x000000071f000000, 0x000000071f200000|  0%| F|  |TAMS 0x000000071f000000, 0x000000071f000000| Untracked 
| 200|0x000000071f200000, 0x000000071f200000, 0x000000071f400000|  0%| F|  |TAMS 0x000000071f200000, 0x000000071f200000| Untracked 
| 201|0x000000071f400000, 0x000000071f400000, 0x000000071f600000|  0%| F|  |TAMS 0x000000071f400000, 0x000000071f400000| Untracked 
| 202|0x000000071f600000, 0x000000071f600000, 0x000000071f800000|  0%| F|  |TAMS 0x000000071f600000, 0x000000071f600000| Untracked 
| 203|0x000000071f800000, 0x000000071f800000, 0x000000071fa00000|  0%| F|  |TAMS 0x000000071f800000, 0x000000071f800000| Untracked 
| 204|0x000000071fa00000, 0x000000071fa00000, 0x000000071fc00000|  0%| F|  |TAMS 0x000000071fa00000, 0x000000071fa00000| Untracked 
| 205|0x000000071fc00000, 0x000000071fc00000, 0x000000071fe00000|  0%| F|  |TAMS 0x000000071fc00000, 0x000000071fc00000| Untracked 
| 206|0x000000071fe00000, 0x000000071fe00000, 0x0000000720000000|  0%| F|  |TAMS 0x000000071fe00000, 0x000000071fe00000| Untracked 
| 207|0x0000000720000000, 0x0000000720000000, 0x0000000720200000|  0%| F|  |TAMS 0x0000000720000000, 0x0000000720000000| Untracked 
| 208|0x0000000720200000, 0x0000000720200000, 0x0000000720400000|  0%| F|  |TAMS 0x0000000720200000, 0x0000000720200000| Untracked 
| 209|0x0000000720400000, 0x0000000720400000, 0x0000000720600000|  0%| F|  |TAMS 0x0000000720400000, 0x0000000720400000| Untracked 
| 210|0x0000000720600000, 0x0000000720600000, 0x0000000720800000|  0%| F|  |TAMS 0x0000000720600000, 0x0000000720600000| Untracked 
| 211|0x0000000720800000, 0x0000000720800000, 0x0000000720a00000|  0%| F|  |TAMS 0x0000000720800000, 0x0000000720800000| Untracked 
| 212|0x0000000720a00000, 0x0000000720a00000, 0x0000000720c00000|  0%| F|  |TAMS 0x0000000720a00000, 0x0000000720a00000| Untracked 
| 213|0x0000000720c00000, 0x0000000720c00000, 0x0000000720e00000|  0%| F|  |TAMS 0x0000000720c00000, 0x0000000720c00000| Untracked 
| 214|0x0000000720e00000, 0x0000000720e00000, 0x0000000721000000|  0%| F|  |TAMS 0x0000000720e00000, 0x0000000720e00000| Untracked 
| 215|0x0000000721000000, 0x0000000721000000, 0x0000000721200000|  0%| F|  |TAMS 0x0000000721000000, 0x0000000721000000| Untracked 
| 216|0x0000000721200000, 0x0000000721200000, 0x0000000721400000|  0%| F|  |TAMS 0x0000000721200000, 0x0000000721200000| Untracked 
| 217|0x0000000721400000, 0x0000000721400000, 0x0000000721600000|  0%| F|  |TAMS 0x0000000721400000, 0x0000000721400000| Untracked 
| 218|0x0000000721600000, 0x0000000721600000, 0x0000000721800000|  0%| F|  |TAMS 0x0000000721600000, 0x0000000721600000| Untracked 
| 219|0x0000000721800000, 0x0000000721800000, 0x0000000721a00000|  0%| F|  |TAMS 0x0000000721800000, 0x0000000721800000| Untracked 
| 220|0x0000000721a00000, 0x0000000721a00000, 0x0000000721c00000|  0%| F|  |TAMS 0x0000000721a00000, 0x0000000721a00000| Untracked 
| 221|0x0000000721c00000, 0x0000000721c00000, 0x0000000721e00000|  0%| F|  |TAMS 0x0000000721c00000, 0x0000000721c00000| Untracked 
| 222|0x0000000721e00000, 0x0000000721e00000, 0x0000000722000000|  0%| F|  |TAMS 0x0000000721e00000, 0x0000000721e00000| Untracked 
| 223|0x0000000722000000, 0x0000000722000000, 0x0000000722200000|  0%| F|  |TAMS 0x0000000722000000, 0x0000000722000000| Untracked 
| 224|0x0000000722200000, 0x0000000722200000, 0x0000000722400000|  0%| F|  |TAMS 0x0000000722200000, 0x0000000722200000| Untracked 
| 225|0x0000000722400000, 0x0000000722400000, 0x0000000722600000|  0%| F|  |TAMS 0x0000000722400000, 0x0000000722400000| Untracked 
| 226|0x0000000722600000, 0x0000000722600000, 0x0000000722800000|  0%| F|  |TAMS 0x0000000722600000, 0x0000000722600000| Untracked 
| 227|0x0000000722800000, 0x0000000722800000, 0x0000000722a00000|  0%| F|  |TAMS 0x0000000722800000, 0x0000000722800000| Untracked 
| 228|0x0000000722a00000, 0x0000000722a00000, 0x0000000722c00000|  0%| F|  |TAMS 0x0000000722a00000, 0x0000000722a00000| Untracked 
| 229|0x0000000722c00000, 0x0000000722c00000, 0x0000000722e00000|  0%| F|  |TAMS 0x0000000722c00000, 0x0000000722c00000| Untracked 
| 230|0x0000000722e00000, 0x0000000722e00000, 0x0000000723000000|  0%| F|  |TAMS 0x0000000722e00000, 0x0000000722e00000| Untracked 
| 231|0x0000000723000000, 0x0000000723000000, 0x0000000723200000|  0%| F|  |TAMS 0x0000000723000000, 0x0000000723000000| Untracked 
| 232|0x0000000723200000, 0x0000000723200000, 0x0000000723400000|  0%| F|  |TAMS 0x0000000723200000, 0x0000000723200000| Untracked 
| 233|0x0000000723400000, 0x0000000723400000, 0x0000000723600000|  0%| F|  |TAMS 0x0000000723400000, 0x0000000723400000| Untracked 
| 234|0x0000000723600000, 0x0000000723600000, 0x0000000723800000|  0%| F|  |TAMS 0x0000000723600000, 0x0000000723600000| Untracked 
| 235|0x0000000723800000, 0x0000000723800000, 0x0000000723a00000|  0%| F|  |TAMS 0x0000000723800000, 0x0000000723800000| Untracked 
| 236|0x0000000723a00000, 0x0000000723a00000, 0x0000000723c00000|  0%| F|  |TAMS 0x0000000723a00000, 0x0000000723a00000| Untracked 
| 237|0x0000000723c00000, 0x0000000723c00000, 0x0000000723e00000|  0%| F|  |TAMS 0x0000000723c00000, 0x0000000723c00000| Untracked 
| 238|0x0000000723e00000, 0x0000000723e00000, 0x0000000724000000|  0%| F|  |TAMS 0x0000000723e00000, 0x0000000723e00000| Untracked 
| 239|0x0000000724000000, 0x0000000724000000, 0x0000000724200000|  0%| F|  |TAMS 0x0000000724000000, 0x0000000724000000| Untracked 
| 240|0x0000000724200000, 0x0000000724200000, 0x0000000724400000|  0%| F|  |TAMS 0x0000000724200000, 0x0000000724200000| Untracked 
| 241|0x0000000724400000, 0x0000000724400000, 0x0000000724600000|  0%| F|  |TAMS 0x0000000724400000, 0x0000000724400000| Untracked 
| 242|0x0000000724600000, 0x0000000724600000, 0x0000000724800000|  0%| F|  |TAMS 0x0000000724600000, 0x0000000724600000| Untracked 
| 243|0x0000000724800000, 0x0000000724800000, 0x0000000724a00000|  0%| F|  |TAMS 0x0000000724800000, 0x0000000724800000| Untracked 
| 244|0x0000000724a00000, 0x0000000724a00000, 0x0000000724c00000|  0%| F|  |TAMS 0x0000000724a00000, 0x0000000724a00000| Untracked 
| 245|0x0000000724c00000, 0x0000000724c00000, 0x0000000724e00000|  0%| F|  |TAMS 0x0000000724c00000, 0x0000000724c00000| Untracked 
| 246|0x0000000724e00000, 0x0000000724e00000, 0x0000000725000000|  0%| F|  |TAMS 0x0000000724e00000, 0x0000000724e00000| Untracked 
| 247|0x0000000725000000, 0x0000000725000000, 0x0000000725200000|  0%| F|  |TAMS 0x0000000725000000, 0x0000000725000000| Untracked 
| 248|0x0000000725200000, 0x0000000725200000, 0x0000000725400000|  0%| F|  |TAMS 0x0000000725200000, 0x0000000725200000| Untracked 
| 249|0x0000000725400000, 0x0000000725400000, 0x0000000725600000|  0%| F|  |TAMS 0x0000000725400000, 0x0000000725400000| Untracked 
| 250|0x0000000725600000, 0x0000000725600000, 0x0000000725800000|  0%| F|  |TAMS 0x0000000725600000, 0x0000000725600000| Untracked 
| 251|0x0000000725800000, 0x0000000725800000, 0x0000000725a00000|  0%| F|  |TAMS 0x0000000725800000, 0x0000000725800000| Untracked 
| 252|0x0000000725a00000, 0x0000000725a00000, 0x0000000725c00000|  0%| F|  |TAMS 0x0000000725a00000, 0x0000000725a00000| Untracked 
| 253|0x0000000725c00000, 0x0000000725c00000, 0x0000000725e00000|  0%| F|  |TAMS 0x0000000725c00000, 0x0000000725c00000| Untracked 
| 254|0x0000000725e00000, 0x0000000725e00000, 0x0000000726000000|  0%| F|  |TAMS 0x0000000725e00000, 0x0000000725e00000| Untracked 
| 255|0x0000000726000000, 0x0000000726000000, 0x0000000726200000|  0%| F|  |TAMS 0x0000000726000000, 0x0000000726000000| Untracked 
| 256|0x0000000726200000, 0x0000000726200000, 0x0000000726400000|  0%| F|  |TAMS 0x0000000726200000, 0x0000000726200000| Untracked 
| 257|0x0000000726400000, 0x0000000726400000, 0x0000000726600000|  0%| F|  |TAMS 0x0000000726400000, 0x0000000726400000| Untracked 
| 258|0x0000000726600000, 0x0000000726600000, 0x0000000726800000|  0%| F|  |TAMS 0x0000000726600000, 0x0000000726600000| Untracked 
| 259|0x0000000726800000, 0x0000000726800000, 0x0000000726a00000|  0%| F|  |TAMS 0x0000000726800000, 0x0000000726800000| Untracked 
| 260|0x0000000726a00000, 0x0000000726a00000, 0x0000000726c00000|  0%| F|  |TAMS 0x0000000726a00000, 0x0000000726a00000| Untracked 
| 261|0x0000000726c00000, 0x0000000726c00000, 0x0000000726e00000|  0%| F|  |TAMS 0x0000000726c00000, 0x0000000726c00000| Untracked 
| 262|0x0000000726e00000, 0x0000000726e00000, 0x0000000727000000|  0%| F|  |TAMS 0x0000000726e00000, 0x0000000726e00000| Untracked 
| 263|0x0000000727000000, 0x0000000727000000, 0x0000000727200000|  0%| F|  |TAMS 0x0000000727000000, 0x0000000727000000| Untracked 
| 264|0x0000000727200000, 0x0000000727200000, 0x0000000727400000|  0%| F|  |TAMS 0x0000000727200000, 0x0000000727200000| Untracked 
| 265|0x0000000727400000, 0x0000000727400000, 0x0000000727600000|  0%| F|  |TAMS 0x0000000727400000, 0x0000000727400000| Untracked 
| 266|0x0000000727600000, 0x0000000727600000, 0x0000000727800000|  0%| F|  |TAMS 0x0000000727600000, 0x0000000727600000| Untracked 
| 267|0x0000000727800000, 0x0000000727800000, 0x0000000727a00000|  0%| F|  |TAMS 0x0000000727800000, 0x0000000727800000| Untracked 
| 268|0x0000000727a00000, 0x0000000727a00000, 0x0000000727c00000|  0%| F|  |TAMS 0x0000000727a00000, 0x0000000727a00000| Untracked 
| 269|0x0000000727c00000, 0x0000000727c00000, 0x0000000727e00000|  0%| F|  |TAMS 0x0000000727c00000, 0x0000000727c00000| Untracked 
| 270|0x0000000727e00000, 0x0000000727e00000, 0x0000000728000000|  0%| F|  |TAMS 0x0000000727e00000, 0x0000000727e00000| Untracked 
| 271|0x0000000728000000, 0x0000000728000000, 0x0000000728200000|  0%| F|  |TAMS 0x0000000728000000, 0x0000000728000000| Untracked 
| 272|0x0000000728200000, 0x0000000728200000, 0x0000000728400000|  0%| F|  |TAMS 0x0000000728200000, 0x0000000728200000| Untracked 
| 273|0x0000000728400000, 0x0000000728400000, 0x0000000728600000|  0%| F|  |TAMS 0x0000000728400000, 0x0000000728400000| Untracked 
| 274|0x0000000728600000, 0x0000000728600000, 0x0000000728800000|  0%| F|  |TAMS 0x0000000728600000, 0x0000000728600000| Untracked 
| 275|0x0000000728800000, 0x0000000728800000, 0x0000000728a00000|  0%| F|  |TAMS 0x0000000728800000, 0x0000000728800000| Untracked 
| 276|0x0000000728a00000, 0x0000000728a00000, 0x0000000728c00000|  0%| F|  |TAMS 0x0000000728a00000, 0x0000000728a00000| Untracked 
| 277|0x0000000728c00000, 0x0000000728c00000, 0x0000000728e00000|  0%| F|  |TAMS 0x0000000728c00000, 0x0000000728c00000| Untracked 
| 278|0x0000000728e00000, 0x0000000728e00000, 0x0000000729000000|  0%| F|  |TAMS 0x0000000728e00000, 0x0000000728e00000| Untracked 
| 279|0x0000000729000000, 0x0000000729000000, 0x0000000729200000|  0%| F|  |TAMS 0x0000000729000000, 0x0000000729000000| Untracked 
| 280|0x0000000729200000, 0x0000000729200000, 0x0000000729400000|  0%| F|  |TAMS 0x0000000729200000, 0x0000000729200000| Untracked 
| 281|0x0000000729400000, 0x0000000729400000, 0x0000000729600000|  0%| F|  |TAMS 0x0000000729400000, 0x0000000729400000| Untracked 
| 282|0x0000000729600000, 0x0000000729600000, 0x0000000729800000|  0%| F|  |TAMS 0x0000000729600000, 0x0000000729600000| Untracked 
| 283|0x0000000729800000, 0x0000000729800000, 0x0000000729a00000|  0%| F|  |TAMS 0x0000000729800000, 0x0000000729800000| Untracked 
| 284|0x0000000729a00000, 0x0000000729a00000, 0x0000000729c00000|  0%| F|  |TAMS 0x0000000729a00000, 0x0000000729a00000| Untracked 
| 285|0x0000000729c00000, 0x0000000729c00000, 0x0000000729e00000|  0%| F|  |TAMS 0x0000000729c00000, 0x0000000729c00000| Untracked 
| 286|0x0000000729e00000, 0x0000000729e00000, 0x000000072a000000|  0%| F|  |TAMS 0x0000000729e00000, 0x0000000729e00000| Untracked 
| 287|0x000000072a000000, 0x000000072a000000, 0x000000072a200000|  0%| F|  |TAMS 0x000000072a000000, 0x000000072a000000| Untracked 
| 288|0x000000072a200000, 0x000000072a200000, 0x000000072a400000|  0%| F|  |TAMS 0x000000072a200000, 0x000000072a200000| Untracked 
| 289|0x000000072a400000, 0x000000072a400000, 0x000000072a600000|  0%| F|  |TAMS 0x000000072a400000, 0x000000072a400000| Untracked 
| 290|0x000000072a600000, 0x000000072a600000, 0x000000072a800000|  0%| F|  |TAMS 0x000000072a600000, 0x000000072a600000| Untracked 
| 291|0x000000072a800000, 0x000000072a800000, 0x000000072aa00000|  0%| F|  |TAMS 0x000000072a800000, 0x000000072a800000| Untracked 
| 292|0x000000072aa00000, 0x000000072aa00000, 0x000000072ac00000|  0%| F|  |TAMS 0x000000072aa00000, 0x000000072aa00000| Untracked 
| 293|0x000000072ac00000, 0x000000072ac00000, 0x000000072ae00000|  0%| F|  |TAMS 0x000000072ac00000, 0x000000072ac00000| Untracked 
| 294|0x000000072ae00000, 0x000000072ae00000, 0x000000072b000000|  0%| F|  |TAMS 0x000000072ae00000, 0x000000072ae00000| Untracked 
| 295|0x000000072b000000, 0x000000072b000000, 0x000000072b200000|  0%| F|  |TAMS 0x000000072b000000, 0x000000072b000000| Untracked 
| 296|0x000000072b200000, 0x000000072b200000, 0x000000072b400000|  0%| F|  |TAMS 0x000000072b200000, 0x000000072b200000| Untracked 
| 297|0x000000072b400000, 0x000000072b400000, 0x000000072b600000|  0%| F|  |TAMS 0x000000072b400000, 0x000000072b400000| Untracked 
| 298|0x000000072b600000, 0x000000072b600000, 0x000000072b800000|  0%| F|  |TAMS 0x000000072b600000, 0x000000072b600000| Untracked 
| 299|0x000000072b800000, 0x000000072b9e9210, 0x000000072ba00000| 95%| E|  |TAMS 0x000000072b800000, 0x000000072b800000| Complete 
| 300|0x000000072ba00000, 0x000000072bc00000, 0x000000072bc00000|100%| E|CS|TAMS 0x000000072ba00000, 0x000000072ba00000| Complete 
| 301|0x000000072bc00000, 0x000000072be00000, 0x000000072be00000|100%| E|CS|TAMS 0x000000072bc00000, 0x000000072bc00000| Complete 
| 302|0x000000072be00000, 0x000000072c000000, 0x000000072c000000|100%| E|CS|TAMS 0x000000072be00000, 0x000000072be00000| Complete 
| 303|0x000000072c000000, 0x000000072c200000, 0x000000072c200000|100%| E|CS|TAMS 0x000000072c000000, 0x000000072c000000| Complete 
| 304|0x000000072c200000, 0x000000072c400000, 0x000000072c400000|100%| E|CS|TAMS 0x000000072c200000, 0x000000072c200000| Complete 
| 305|0x000000072c400000, 0x000000072c600000, 0x000000072c600000|100%| E|CS|TAMS 0x000000072c400000, 0x000000072c400000| Complete 
| 306|0x000000072c600000, 0x000000072c800000, 0x000000072c800000|100%| E|CS|TAMS 0x000000072c600000, 0x000000072c600000| Complete 
| 307|0x000000072c800000, 0x000000072ca00000, 0x000000072ca00000|100%| E|CS|TAMS 0x000000072c800000, 0x000000072c800000| Complete 
| 308|0x000000072ca00000, 0x000000072cc00000, 0x000000072cc00000|100%| E|CS|TAMS 0x000000072ca00000, 0x000000072ca00000| Complete 
| 309|0x000000072cc00000, 0x000000072ce00000, 0x000000072ce00000|100%| E|CS|TAMS 0x000000072cc00000, 0x000000072cc00000| Complete 
| 310|0x000000072ce00000, 0x000000072d000000, 0x000000072d000000|100%| E|CS|TAMS 0x000000072ce00000, 0x000000072ce00000| Complete 
| 311|0x000000072d000000, 0x000000072d200000, 0x000000072d200000|100%| E|CS|TAMS 0x000000072d000000, 0x000000072d000000| Complete 
| 312|0x000000072d200000, 0x000000072d400000, 0x000000072d400000|100%| E|CS|TAMS 0x000000072d200000, 0x000000072d200000| Complete 
| 313|0x000000072d400000, 0x000000072d600000, 0x000000072d600000|100%| E|CS|TAMS 0x000000072d400000, 0x000000072d400000| Complete 
| 314|0x000000072d600000, 0x000000072d800000, 0x000000072d800000|100%| E|CS|TAMS 0x000000072d600000, 0x000000072d600000| Complete 
| 315|0x000000072d800000, 0x000000072da00000, 0x000000072da00000|100%| E|CS|TAMS 0x000000072d800000, 0x000000072d800000| Complete 
| 316|0x000000072da00000, 0x000000072dc00000, 0x000000072dc00000|100%| E|CS|TAMS 0x000000072da00000, 0x000000072da00000| Complete 
| 317|0x000000072dc00000, 0x000000072de00000, 0x000000072de00000|100%| E|CS|TAMS 0x000000072dc00000, 0x000000072dc00000| Complete 
| 318|0x000000072de00000, 0x000000072e000000, 0x000000072e000000|100%| E|CS|TAMS 0x000000072de00000, 0x000000072de00000| Complete 
| 319|0x000000072e000000, 0x000000072e200000, 0x000000072e200000|100%| E|CS|TAMS 0x000000072e000000, 0x000000072e000000| Complete 
| 320|0x000000072e200000, 0x000000072e400000, 0x000000072e400000|100%| E|CS|TAMS 0x000000072e200000, 0x000000072e200000| Complete 
| 321|0x000000072e400000, 0x000000072e600000, 0x000000072e600000|100%| E|CS|TAMS 0x000000072e400000, 0x000000072e400000| Complete 
| 322|0x000000072e600000, 0x000000072e800000, 0x000000072e800000|100%| E|CS|TAMS 0x000000072e600000, 0x000000072e600000| Complete 
| 323|0x000000072e800000, 0x000000072ea00000, 0x000000072ea00000|100%| E|CS|TAMS 0x000000072e800000, 0x000000072e800000| Complete 
| 324|0x000000072ea00000, 0x000000072ec00000, 0x000000072ec00000|100%| E|CS|TAMS 0x000000072ea00000, 0x000000072ea00000| Complete 
| 325|0x000000072ec00000, 0x000000072ee00000, 0x000000072ee00000|100%| E|CS|TAMS 0x000000072ec00000, 0x000000072ec00000| Complete 
| 326|0x000000072ee00000, 0x000000072f000000, 0x000000072f000000|100%| E|CS|TAMS 0x000000072ee00000, 0x000000072ee00000| Complete 
| 327|0x000000072f000000, 0x000000072f200000, 0x000000072f200000|100%| E|CS|TAMS 0x000000072f000000, 0x000000072f000000| Complete 
| 328|0x000000072f200000, 0x000000072f400000, 0x000000072f400000|100%| E|CS|TAMS 0x000000072f200000, 0x000000072f200000| Complete 
| 329|0x000000072f400000, 0x000000072f600000, 0x000000072f600000|100%| E|CS|TAMS 0x000000072f400000, 0x000000072f400000| Complete 
| 330|0x000000072f600000, 0x000000072f800000, 0x000000072f800000|100%| E|CS|TAMS 0x000000072f600000, 0x000000072f600000| Complete 
| 331|0x000000072f800000, 0x000000072fa00000, 0x000000072fa00000|100%| E|CS|TAMS 0x000000072f800000, 0x000000072f800000| Complete 
| 332|0x000000072fa00000, 0x000000072fc00000, 0x000000072fc00000|100%| E|CS|TAMS 0x000000072fa00000, 0x000000072fa00000| Complete 
| 333|0x000000072fc00000, 0x000000072fe00000, 0x000000072fe00000|100%| E|CS|TAMS 0x000000072fc00000, 0x000000072fc00000| Complete 
| 334|0x000000072fe00000, 0x0000000730000000, 0x0000000730000000|100%| E|CS|TAMS 0x000000072fe00000, 0x000000072fe00000| Complete 
| 335|0x0000000730000000, 0x0000000730200000, 0x0000000730200000|100%| E|CS|TAMS 0x0000000730000000, 0x0000000730000000| Complete 
| 336|0x0000000730200000, 0x0000000730400000, 0x0000000730400000|100%| E|CS|TAMS 0x0000000730200000, 0x0000000730200000| Complete 
| 337|0x0000000730400000, 0x0000000730600000, 0x0000000730600000|100%| E|CS|TAMS 0x0000000730400000, 0x0000000730400000| Complete 
| 338|0x0000000730600000, 0x0000000730800000, 0x0000000730800000|100%| E|CS|TAMS 0x0000000730600000, 0x0000000730600000| Complete 
| 339|0x0000000730800000, 0x0000000730a00000, 0x0000000730a00000|100%| E|CS|TAMS 0x0000000730800000, 0x0000000730800000| Complete 
| 340|0x0000000730a00000, 0x0000000730c00000, 0x0000000730c00000|100%| E|CS|TAMS 0x0000000730a00000, 0x0000000730a00000| Complete 
| 341|0x0000000730c00000, 0x0000000730e00000, 0x0000000730e00000|100%| E|CS|TAMS 0x0000000730c00000, 0x0000000730c00000| Complete 
| 342|0x0000000730e00000, 0x0000000731000000, 0x0000000731000000|100%| E|CS|TAMS 0x0000000730e00000, 0x0000000730e00000| Complete 
| 343|0x0000000731000000, 0x0000000731200000, 0x0000000731200000|100%| E|CS|TAMS 0x0000000731000000, 0x0000000731000000| Complete 
| 344|0x0000000731200000, 0x0000000731400000, 0x0000000731400000|100%| E|CS|TAMS 0x0000000731200000, 0x0000000731200000| Complete 
| 345|0x0000000731400000, 0x0000000731600000, 0x0000000731600000|100%| E|CS|TAMS 0x0000000731400000, 0x0000000731400000| Complete 
| 346|0x0000000731600000, 0x0000000731800000, 0x0000000731800000|100%| E|CS|TAMS 0x0000000731600000, 0x0000000731600000| Complete 
| 347|0x0000000731800000, 0x0000000731a00000, 0x0000000731a00000|100%| E|CS|TAMS 0x0000000731800000, 0x0000000731800000| Complete 
| 348|0x0000000731a00000, 0x0000000731c00000, 0x0000000731c00000|100%| E|CS|TAMS 0x0000000731a00000, 0x0000000731a00000| Complete 
| 349|0x0000000731c00000, 0x0000000731e00000, 0x0000000731e00000|100%| E|CS|TAMS 0x0000000731c00000, 0x0000000731c00000| Complete 
| 350|0x0000000731e00000, 0x0000000732000000, 0x0000000732000000|100%| E|CS|TAMS 0x0000000731e00000, 0x0000000731e00000| Complete 
| 351|0x0000000732000000, 0x0000000732200000, 0x0000000732200000|100%| E|CS|TAMS 0x0000000732000000, 0x0000000732000000| Complete 
| 352|0x0000000732200000, 0x0000000732400000, 0x0000000732400000|100%| E|CS|TAMS 0x0000000732200000, 0x0000000732200000| Complete 
| 353|0x0000000732400000, 0x0000000732600000, 0x0000000732600000|100%| E|CS|TAMS 0x0000000732400000, 0x0000000732400000| Complete 
| 354|0x0000000732600000, 0x0000000732800000, 0x0000000732800000|100%| E|CS|TAMS 0x0000000732600000, 0x0000000732600000| Complete 
| 355|0x0000000732800000, 0x0000000732a00000, 0x0000000732a00000|100%| E|CS|TAMS 0x0000000732800000, 0x0000000732800000| Complete 
| 356|0x0000000732a00000, 0x0000000732c00000, 0x0000000732c00000|100%| E|CS|TAMS 0x0000000732a00000, 0x0000000732a00000| Complete 
| 357|0x0000000732c00000, 0x0000000732e00000, 0x0000000732e00000|100%| E|CS|TAMS 0x0000000732c00000, 0x0000000732c00000| Complete 
| 358|0x0000000732e00000, 0x0000000733000000, 0x0000000733000000|100%| E|CS|TAMS 0x0000000732e00000, 0x0000000732e00000| Complete 
| 359|0x0000000733000000, 0x0000000733200000, 0x0000000733200000|100%| E|CS|TAMS 0x0000000733000000, 0x0000000733000000| Complete 
| 360|0x0000000733200000, 0x0000000733400000, 0x0000000733400000|100%| E|CS|TAMS 0x0000000733200000, 0x0000000733200000| Complete 
| 361|0x0000000733400000, 0x0000000733600000, 0x0000000733600000|100%| E|CS|TAMS 0x0000000733400000, 0x0000000733400000| Complete 
| 362|0x0000000733600000, 0x0000000733800000, 0x0000000733800000|100%| E|CS|TAMS 0x0000000733600000, 0x0000000733600000| Complete 
| 363|0x0000000733800000, 0x0000000733a00000, 0x0000000733a00000|100%| E|CS|TAMS 0x0000000733800000, 0x0000000733800000| Complete 
| 364|0x0000000733a00000, 0x0000000733c00000, 0x0000000733c00000|100%| E|CS|TAMS 0x0000000733a00000, 0x0000000733a00000| Complete 
| 365|0x0000000733c00000, 0x0000000733e00000, 0x0000000733e00000|100%| E|CS|TAMS 0x0000000733c00000, 0x0000000733c00000| Complete 
| 366|0x0000000733e00000, 0x0000000734000000, 0x0000000734000000|100%| E|CS|TAMS 0x0000000733e00000, 0x0000000733e00000| Complete 
| 367|0x0000000734000000, 0x0000000734200000, 0x0000000734200000|100%| E|CS|TAMS 0x0000000734000000, 0x0000000734000000| Complete 
| 368|0x0000000734200000, 0x0000000734400000, 0x0000000734400000|100%| E|CS|TAMS 0x0000000734200000, 0x0000000734200000| Complete 
| 369|0x0000000734400000, 0x0000000734600000, 0x0000000734600000|100%| E|CS|TAMS 0x0000000734400000, 0x0000000734400000| Complete 
| 370|0x0000000734600000, 0x0000000734800000, 0x0000000734800000|100%| E|CS|TAMS 0x0000000734600000, 0x0000000734600000| Complete 
| 371|0x0000000734800000, 0x0000000734a00000, 0x0000000734a00000|100%| E|CS|TAMS 0x0000000734800000, 0x0000000734800000| Complete 
| 372|0x0000000734a00000, 0x0000000734c00000, 0x0000000734c00000|100%| E|CS|TAMS 0x0000000734a00000, 0x0000000734a00000| Complete 
| 373|0x0000000734c00000, 0x0000000734e00000, 0x0000000734e00000|100%| E|CS|TAMS 0x0000000734c00000, 0x0000000734c00000| Complete 
| 374|0x0000000734e00000, 0x0000000735000000, 0x0000000735000000|100%| E|CS|TAMS 0x0000000734e00000, 0x0000000734e00000| Complete 
| 375|0x0000000735000000, 0x0000000735200000, 0x0000000735200000|100%| E|CS|TAMS 0x0000000735000000, 0x0000000735000000| Complete 
| 376|0x0000000735200000, 0x0000000735400000, 0x0000000735400000|100%| E|CS|TAMS 0x0000000735200000, 0x0000000735200000| Complete 
| 377|0x0000000735400000, 0x0000000735600000, 0x0000000735600000|100%| E|CS|TAMS 0x0000000735400000, 0x0000000735400000| Complete 
| 378|0x0000000735600000, 0x0000000735800000, 0x0000000735800000|100%| E|CS|TAMS 0x0000000735600000, 0x0000000735600000| Complete 
| 379|0x0000000735800000, 0x0000000735a00000, 0x0000000735a00000|100%| E|CS|TAMS 0x0000000735800000, 0x0000000735800000| Complete 
| 380|0x0000000735a00000, 0x0000000735c00000, 0x0000000735c00000|100%| E|CS|TAMS 0x0000000735a00000, 0x0000000735a00000| Complete 
| 381|0x0000000735c00000, 0x0000000735e00000, 0x0000000735e00000|100%| E|CS|TAMS 0x0000000735c00000, 0x0000000735c00000| Complete 
| 382|0x0000000735e00000, 0x0000000736000000, 0x0000000736000000|100%| E|CS|TAMS 0x0000000735e00000, 0x0000000735e00000| Complete 
| 383|0x0000000736000000, 0x0000000736200000, 0x0000000736200000|100%| E|CS|TAMS 0x0000000736000000, 0x0000000736000000| Complete 
| 384|0x0000000736200000, 0x0000000736400000, 0x0000000736400000|100%| E|CS|TAMS 0x0000000736200000, 0x0000000736200000| Complete 
| 385|0x0000000736400000, 0x0000000736600000, 0x0000000736600000|100%| E|CS|TAMS 0x0000000736400000, 0x0000000736400000| Complete 
| 386|0x0000000736600000, 0x0000000736800000, 0x0000000736800000|100%| E|CS|TAMS 0x0000000736600000, 0x0000000736600000| Complete 
| 387|0x0000000736800000, 0x0000000736a00000, 0x0000000736a00000|100%| E|CS|TAMS 0x0000000736800000, 0x0000000736800000| Complete 
| 388|0x0000000736a00000, 0x0000000736c00000, 0x0000000736c00000|100%| E|CS|TAMS 0x0000000736a00000, 0x0000000736a00000| Complete 
| 389|0x0000000736c00000, 0x0000000736e00000, 0x0000000736e00000|100%| E|CS|TAMS 0x0000000736c00000, 0x0000000736c00000| Complete 
| 390|0x0000000736e00000, 0x0000000737000000, 0x0000000737000000|100%| E|CS|TAMS 0x0000000736e00000, 0x0000000736e00000| Complete 
| 391|0x0000000737000000, 0x0000000737200000, 0x0000000737200000|100%| E|CS|TAMS 0x0000000737000000, 0x0000000737000000| Complete 
| 392|0x0000000737200000, 0x0000000737400000, 0x0000000737400000|100%| E|CS|TAMS 0x0000000737200000, 0x0000000737200000| Complete 
| 393|0x0000000737400000, 0x0000000737600000, 0x0000000737600000|100%| E|CS|TAMS 0x0000000737400000, 0x0000000737400000| Complete 
| 394|0x0000000737600000, 0x0000000737800000, 0x0000000737800000|100%| E|CS|TAMS 0x0000000737600000, 0x0000000737600000| Complete 
| 395|0x0000000737800000, 0x0000000737a00000, 0x0000000737a00000|100%| E|CS|TAMS 0x0000000737800000, 0x0000000737800000| Complete 
| 396|0x0000000737a00000, 0x0000000737c00000, 0x0000000737c00000|100%| E|CS|TAMS 0x0000000737a00000, 0x0000000737a00000| Complete 
| 397|0x0000000737c00000, 0x0000000737e00000, 0x0000000737e00000|100%| E|CS|TAMS 0x0000000737c00000, 0x0000000737c00000| Complete 
| 398|0x0000000737e00000, 0x0000000738000000, 0x0000000738000000|100%| E|CS|TAMS 0x0000000737e00000, 0x0000000737e00000| Complete 
| 399|0x0000000738000000, 0x0000000738200000, 0x0000000738200000|100%| E|CS|TAMS 0x0000000738000000, 0x0000000738000000| Complete 
| 400|0x0000000738200000, 0x0000000738400000, 0x0000000738400000|100%| E|CS|TAMS 0x0000000738200000, 0x0000000738200000| Complete 
| 401|0x0000000738400000, 0x0000000738600000, 0x0000000738600000|100%| E|CS|TAMS 0x0000000738400000, 0x0000000738400000| Complete 
| 402|0x0000000738600000, 0x0000000738800000, 0x0000000738800000|100%| E|CS|TAMS 0x0000000738600000, 0x0000000738600000| Complete 
| 403|0x0000000738800000, 0x0000000738a00000, 0x0000000738a00000|100%| E|CS|TAMS 0x0000000738800000, 0x0000000738800000| Complete 
| 404|0x0000000738a00000, 0x0000000738c00000, 0x0000000738c00000|100%| E|CS|TAMS 0x0000000738a00000, 0x0000000738a00000| Complete 
| 405|0x0000000738c00000, 0x0000000738e00000, 0x0000000738e00000|100%| E|CS|TAMS 0x0000000738c00000, 0x0000000738c00000| Complete 
| 406|0x0000000738e00000, 0x0000000739000000, 0x0000000739000000|100%| E|CS|TAMS 0x0000000738e00000, 0x0000000738e00000| Complete 
| 407|0x0000000739000000, 0x0000000739200000, 0x0000000739200000|100%| E|CS|TAMS 0x0000000739000000, 0x0000000739000000| Complete 
| 408|0x0000000739200000, 0x0000000739400000, 0x0000000739400000|100%| E|CS|TAMS 0x0000000739200000, 0x0000000739200000| Complete 
|1996|0x00000007ffa00000, 0x00000007ffc00000, 0x00000007ffc00000|100%| E|CS|TAMS 0x00000007ffa00000, 0x00000007ffa00000| Complete 
|1997|0x00000007ffc00000, 0x00000007ffe00000, 0x00000007ffe00000|100%| O|  |TAMS 0x00000007ffe00000, 0x00000007ffc00000| Untracked 
|1998|0x00000007ffe00000, 0x0000000800000000, 0x0000000800000000|100%| O|  |TAMS 0x0000000800000000, 0x00000007ffe00000| Untracked 

Card table byte_map: [0x00000170ac340000,0x00000170acb10000] _byte_map_base: 0x00000170a8b0f000

Marking Bits (Prev, Next): (CMBitMap*) 0x000001709275daa0, (CMBitMap*) 0x000001709275dae0
 Prev Bits: [0x00000170ad2e0000, 0x00000170b1158000)
 Next Bits: [0x00000170b1160000, 0x00000170b4fd8000)

Polling page: 0x00000170923b0000

Metaspace:

Usage:
  Non-class:     26.47 MB used.
      Class:      3.25 MB used.
       Both:     29.72 MB used.

Virtual space:
  Non-class space:       64.00 MB reserved,      26.62 MB ( 42%) committed,  1 nodes.
      Class space:        1.00 GB reserved,       3.44 MB ( <1%) committed,  1 nodes.
             Both:        1.06 GB reserved,      30.06 MB (  3%) committed. 

Chunk freelists:
   Non-Class:  4.88 MB
       Class:  12.55 MB
        Both:  17.42 MB

MaxMetaspaceSize: unlimited
CompressedClassSpaceSize: 1.00 GB
Initial GC threshold: 21.00 MB
Current GC threshold: 48.06 MB
CDS: on
MetaspaceReclaimPolicy: balanced
 - commit_granule_bytes: 65536.
 - commit_granule_words: 8192.
 - virtual_space_node_default_size: 8388608.
 - enlarge_chunks_in_place: 1.
 - new_chunks_are_fully_committed: 0.
 - uncommit_free_chunks: 1.
 - use_allocation_guard: 0.
 - handle_deallocations: 1.


Internal statistics:

num_allocs_failed_limit: 3.
num_arena_births: 254.
num_arena_deaths: 0.
num_vsnodes_births: 2.
num_vsnodes_deaths: 0.
num_space_committed: 481.
num_space_uncommitted: 0.
num_chunks_returned_to_freelist: 3.
num_chunks_taken_from_freelist: 1429.
num_chunk_merges: 0.
num_chunk_splits: 967.
num_chunks_enlarged: 700.
num_inconsistent_stats: 0.

CodeHeap 'non-profiled nmethods': size=119168Kb used=7652Kb max_used=8470Kb free=111515Kb
 bounds [0x00000170a3420000, 0x00000170a3c70000, 0x00000170aa880000]
CodeHeap 'profiled nmethods': size=119104Kb used=15781Kb max_used=18332Kb free=103322Kb
 bounds [0x000001709b880000, 0x000001709cab0000, 0x00000170a2cd0000]
CodeHeap 'non-nmethods': size=7488Kb used=1774Kb max_used=3045Kb free=5713Kb
 bounds [0x00000170a2cd0000, 0x00000170a2fe0000, 0x00000170a3420000]
 total_blobs=8184 nmethods=7669 adapters=426
 compilation: enabled
              stopped_count=0, restarted_count=0
 full_count=0

Compilation events (20 events):
Event: 22.064 Thread 0x00000170b847a490 nmethod 10269 0x000001709c02b610 code [0x000001709c02b7c0, 0x000001709c02bb08]
Event: 22.064 Thread 0x00000170b847a490 10274       2       java.util.stream.ReferencePipeline::forEachWithCancel (23 bytes)
Event: 22.065 Thread 0x00000170b847a490 nmethod 10274 0x000001709ba89390 code [0x000001709ba89540, 0x000001709ba89738]
Event: 22.065 Thread 0x00000170b847a490 10270       3       com.sun.tools.javac.comp.Operators$BinaryOperatorHelper::lambda$doLookup$0 (8 bytes)
Event: 22.065 Thread 0x00000170b847a490 nmethod 10270 0x000001709bb70310 code [0x000001709bb704c0, 0x000001709bb706a8]
Event: 22.065 Thread 0x00000170b847a490 10271       3       com.sun.tools.javac.comp.Operators$BinaryOperatorHelper::isBinaryOperatorApplicable (62 bytes)
Event: 22.065 Thread 0x00000170b847a490 nmethod 10271 0x000001709bb22790 code [0x000001709bb229c0, 0x000001709bb23428]
Event: 22.065 Thread 0x00000170b847a490 10273       1       com.sun.tools.javac.code.Types$12::visitType (2 bytes)
Event: 22.065 Thread 0x00000170b847a490 nmethod 10273 0x00000170a35bec10 code [0x00000170a35beda0, 0x00000170a35bee78]
Event: 22.065 Thread 0x00000170b847a490 10276       3       com.sun.tools.javac.code.Types$12::visitType (10 bytes)
Event: 22.065 Thread 0x00000170b847a490 nmethod 10276 0x000001709badc610 code [0x000001709badc7c0, 0x000001709badca38]
Event: 22.066 Thread 0x00000170b847a490 10278       3       com.sun.tools.javac.comp.Attr$TypeAnnotationsValidator::visitMethodDef (151 bytes)
Event: 22.066 Thread 0x00000170b847a490 nmethod 10278 0x000001709c96b510 code [0x000001709c96b7e0, 0x000001709c96c9e8]
Event: 23.077 Thread 0x00000170b847a490 10279       3       java.lang.invoke.ClassSpecializer$SpeciesData::fieldCount (10 bytes)
Event: 23.078 Thread 0x00000170b847a490 nmethod 10279 0x000001709c036510 code [0x000001709c0366c0, 0x000001709c0368a8]
Event: 23.086 Thread 0x0000017082296a40 nmethod 10268 0x000001709c3cc710 code [0x000001709c3cc8e0, 0x000001709c3ccc98]
Event: 23.087 Thread 0x00000170b7b66260 nmethod 10263 0x00000170a3b11010 code [0x00000170a3b111e0, 0x00000170a3b11488]
Event: 23.087 Thread 0x0000017082299a10 nmethod 10262 0x00000170a3a20610 code [0x00000170a3a207e0, 0x00000170a3a20b08]
Event: 23.087 Thread 0x00000170b7b66260 10267       4       com.sun.tools.javac.code.Types$5::visitClassType (387 bytes)
Event: 23.087 Thread 0x0000017082299a10 10266       4       com.sun.tools.javac.code.Types$5::visitClassType (10 bytes)

GC Heap History (20 events):
Event: 6.833 GC heap before
{Heap before GC invocations=19 (full 0):
 garbage-first heap   total 380928K, used 305102K [0x0000000706200000, 0x0000000800000000)
  region size 2048K, 103 young (210944K), 11 survivors (22528K)
 Metaspace       used 30097K, committed 30400K, reserved 1114112K
  class space    used 3296K, committed 3456K, reserved 1048576K
}
Event: 6.849 GC heap after
{Heap after GC invocations=20 (full 0):
 garbage-first heap   total 380928K, used 126171K [0x0000000706200000, 0x0000000800000000)
  region size 2048K, 10 young (20480K), 10 survivors (20480K)
 Metaspace       used 30097K, committed 30400K, reserved 1114112K
  class space    used 3296K, committed 3456K, reserved 1048576K
}
Event: 7.054 GC heap before
{Heap before GC invocations=20 (full 0):
 garbage-first heap   total 380928K, used 308443K [0x0000000706200000, 0x0000000800000000)
  region size 2048K, 97 young (198656K), 10 survivors (20480K)
 Metaspace       used 30109K, committed 30400K, reserved 1114112K
  class space    used 3296K, committed 3456K, reserved 1048576K
}
Event: 7.069 GC heap after
{Heap after GC invocations=21 (full 0):
 garbage-first heap   total 528384K, used 139535K [0x0000000706200000, 0x0000000800000000)
  region size 2048K, 10 young (20480K), 10 survivors (20480K)
 Metaspace       used 30109K, committed 30400K, reserved 1114112K
  class space    used 3296K, committed 3456K, reserved 1048576K
}
Event: 7.370 GC heap before
{Heap before GC invocations=21 (full 0):
 garbage-first heap   total 528384K, used 426255K [0x0000000706200000, 0x0000000800000000)
  region size 2048K, 148 young (303104K), 10 survivors (20480K)
 Metaspace       used 30133K, committed 30400K, reserved 1114112K
  class space    used 3296K, committed 3456K, reserved 1048576K
}
Event: 7.390 GC heap after
{Heap after GC invocations=22 (full 0):
 garbage-first heap   total 528384K, used 154773K [0x0000000706200000, 0x0000000800000000)
  region size 2048K, 15 young (30720K), 15 survivors (30720K)
 Metaspace       used 30133K, committed 30400K, reserved 1114112K
  class space    used 3296K, committed 3456K, reserved 1048576K
}
Event: 7.673 GC heap before
{Heap before GC invocations=22 (full 0):
 garbage-first heap   total 528384K, used 433301K [0x0000000706200000, 0x0000000800000000)
  region size 2048K, 148 young (303104K), 15 survivors (30720K)
 Metaspace       used 30167K, committed 30464K, reserved 1114112K
  class space    used 3296K, committed 3456K, reserved 1048576K
}
Event: 7.693 GC heap after
{Heap after GC invocations=23 (full 0):
 garbage-first heap   total 528384K, used 173780K [0x0000000706200000, 0x0000000800000000)
  region size 2048K, 13 young (26624K), 13 survivors (26624K)
 Metaspace       used 30167K, committed 30464K, reserved 1114112K
  class space    used 3296K, committed 3456K, reserved 1048576K
}
Event: 7.917 GC heap before
{Heap before GC invocations=23 (full 0):
 garbage-first heap   total 528384K, used 431828K [0x0000000706200000, 0x0000000800000000)
  region size 2048K, 139 young (284672K), 13 survivors (26624K)
 Metaspace       used 30192K, committed 30528K, reserved 1114112K
  class space    used 3297K, committed 3456K, reserved 1048576K
}
Event: 7.933 GC heap after
{Heap after GC invocations=24 (full 0):
 garbage-first heap   total 528384K, used 184856K [0x0000000706200000, 0x0000000800000000)
  region size 2048K, 13 young (26624K), 13 survivors (26624K)
 Metaspace       used 30192K, committed 30528K, reserved 1114112K
  class space    used 3297K, committed 3456K, reserved 1048576K
}
Event: 8.121 GC heap before
{Heap before GC invocations=24 (full 0):
 garbage-first heap   total 528384K, used 432664K [0x0000000706200000, 0x0000000800000000)
  region size 2048K, 134 young (274432K), 13 survivors (26624K)
 Metaspace       used 30200K, committed 30528K, reserved 1114112K
  class space    used 3297K, committed 3456K, reserved 1048576K
}
Event: 8.145 GC heap after
{Heap after GC invocations=25 (full 0):
 garbage-first heap   total 843776K, used 196608K [0x0000000706200000, 0x0000000800000000)
  region size 2048K, 12 young (24576K), 12 survivors (24576K)
 Metaspace       used 30200K, committed 30528K, reserved 1114112K
  class space    used 3297K, committed 3456K, reserved 1048576K
}
Event: 10.842 GC heap before
{Heap before GC invocations=25 (full 0):
 garbage-first heap   total 843776K, used 688128K [0x0000000706200000, 0x0000000800000000)
  region size 2048K, 247 young (505856K), 12 survivors (24576K)
 Metaspace       used 30255K, committed 30592K, reserved 1114112K
  class space    used 3301K, committed 3456K, reserved 1048576K
}
Event: 10.875 GC heap after
{Heap after GC invocations=26 (full 0):
 garbage-first heap   total 843776K, used 221989K [0x0000000706200000, 0x0000000800000000)
  region size 2048K, 19 young (38912K), 19 survivors (38912K)
 Metaspace       used 30255K, committed 30592K, reserved 1114112K
  class space    used 3301K, committed 3456K, reserved 1048576K
}
Event: 15.595 GC heap before
{Heap before GC invocations=26 (full 0):
 garbage-first heap   total 843776K, used 690981K [0x0000000706200000, 0x0000000800000000)
  region size 2048K, 247 young (505856K), 19 survivors (38912K)
 Metaspace       used 30280K, committed 30592K, reserved 1114112K
  class space    used 3301K, committed 3456K, reserved 1048576K
}
Event: 15.623 GC heap after
{Heap after GC invocations=27 (full 0):
 garbage-first heap   total 843776K, used 246333K [0x0000000706200000, 0x0000000800000000)
  region size 2048K, 23 young (47104K), 23 survivors (47104K)
 Metaspace       used 30280K, committed 30592K, reserved 1114112K
  class space    used 3301K, committed 3456K, reserved 1048576K
}
Event: 16.065 GC heap before
{Heap before GC invocations=27 (full 0):
 garbage-first heap   total 843776K, used 698941K [0x0000000706200000, 0x0000000800000000)
  region size 2048K, 241 young (493568K), 23 survivors (47104K)
 Metaspace       used 30298K, committed 30656K, reserved 1114112K
  class space    used 3301K, committed 3456K, reserved 1048576K
}
Event: 16.103 GC heap after
{Heap after GC invocations=28 (full 0):
 garbage-first heap   total 843776K, used 257773K [0x0000000706200000, 0x0000000800000000)
  region size 2048K, 12 young (24576K), 12 survivors (24576K)
 Metaspace       used 30298K, committed 30656K, reserved 1114112K
  class space    used 3301K, committed 3456K, reserved 1048576K
}
Event: 17.742 GC heap before
{Heap before GC invocations=28 (full 0):
 garbage-first heap   total 843776K, used 700141K [0x0000000706200000, 0x0000000800000000)
  region size 2048K, 226 young (462848K), 12 survivors (24576K)
 Metaspace       used 30335K, committed 30656K, reserved 1114112K
  class space    used 3301K, committed 3456K, reserved 1048576K
}
Event: 17.757 GC heap after
{Heap after GC invocations=29 (full 0):
 garbage-first heap   total 843776K, used 260876K [0x0000000706200000, 0x0000000800000000)
  region size 2048K, 12 young (24576K), 12 survivors (24576K)
 Metaspace       used 30335K, committed 30656K, reserved 1114112K
  class space    used 3301K, committed 3456K, reserved 1048576K
}

Dll operation events (8 events):
Event: 0.007 Loaded shared library C:\Program Files\Eclipse Adoptium\jdk-17.0.17.10-hotspot\bin\java.dll
Event: 0.021 Loaded shared library C:\Program Files\Eclipse Adoptium\jdk-17.0.17.10-hotspot\bin\jsvml.dll
Event: 0.041 Loaded shared library C:\Program Files\Eclipse Adoptium\jdk-17.0.17.10-hotspot\bin\net.dll
Event: 0.042 Loaded shared library C:\Program Files\Eclipse Adoptium\jdk-17.0.17.10-hotspot\bin\nio.dll
Event: 0.045 Loaded shared library C:\Program Files\Eclipse Adoptium\jdk-17.0.17.10-hotspot\bin\zip.dll
Event: 0.161 Loaded shared library C:\Program Files\Eclipse Adoptium\jdk-17.0.17.10-hotspot\bin\jimage.dll
Event: 0.162 Loaded shared library C:\Program Files\Apache\apache-maven-3.9.11\lib\jansi-native\Windows\x86_64\jansi.dll
Event: 0.169 Loaded shared library C:\Program Files\Eclipse Adoptium\jdk-17.0.17.10-hotspot\bin\verify.dll

Deoptimization events (20 events):
Event: 22.065 Thread 0x00000170926eeb00 Uncommon trap: trap_request=0xffffff45 fr.pc=0x00000170a3be8f44 relative=0x0000000000000c84
Event: 22.065 Thread 0x00000170926eeb00 Uncommon trap: reason=unstable_if action=reinterpret pc=0x00000170a3be8f44 method=com.sun.tools.javac.code.TypeAnnotations$TypeAnnotationPositions.visitVarDef(Lcom/sun/tools/javac/tree/JCTree$JCVariableDecl;)V @ 65 c2
Event: 22.065 Thread 0x00000170926eeb00 DEOPT PACKING pc=0x00000170a3be8f44 sp=0x00000037472fd330
Event: 22.065 Thread 0x00000170926eeb00 DEOPT UNPACKING pc=0x00000170a2d269a3 sp=0x00000037472fd318 mode 2
Event: 22.065 Thread 0x00000170926eeb00 Uncommon trap: trap_request=0xffffff45 fr.pc=0x00000170a3c14778 relative=0x0000000000001e78
Event: 22.065 Thread 0x00000170926eeb00 Uncommon trap: reason=unstable_if action=reinterpret pc=0x00000170a3c14778 method=com.sun.tools.javac.code.TypeAnnotations$TypeAnnotationPositions.visitMethodDef(Lcom/sun/tools/javac/tree/JCTree$JCMethodDecl;)V @ 17 c2
Event: 22.065 Thread 0x00000170926eeb00 DEOPT PACKING pc=0x00000170a3c14778 sp=0x00000037472fd330
Event: 22.065 Thread 0x00000170926eeb00 DEOPT UNPACKING pc=0x00000170a2d269a3 sp=0x00000037472fd2f8 mode 2
Event: 22.065 Thread 0x00000170926eeb00 Uncommon trap: trap_request=0xffffff45 fr.pc=0x00000170a3c18434 relative=0x0000000000000534
Event: 22.065 Thread 0x00000170926eeb00 Uncommon trap: reason=unstable_if action=reinterpret pc=0x00000170a3c18434 method=com.sun.tools.javac.comp.Attr$TypeAnnotationsValidator.visitClassDef(Lcom/sun/tools/javac/tree/JCTree$JCClassDecl;)V @ 4 c2
Event: 22.065 Thread 0x00000170926eeb00 DEOPT PACKING pc=0x00000170a3c18434 sp=0x00000037472fd4c0
Event: 22.065 Thread 0x00000170926eeb00 DEOPT UNPACKING pc=0x00000170a2d269a3 sp=0x00000037472fd470 mode 2
Event: 22.065 Thread 0x00000170926eeb00 Uncommon trap: trap_request=0xffffff45 fr.pc=0x00000170a3bdceec relative=0x00000000000001ac
Event: 22.065 Thread 0x00000170926eeb00 Uncommon trap: reason=unstable_if action=reinterpret pc=0x00000170a3bdceec method=com.sun.tools.javac.comp.Attr$TypeAnnotationsValidator.visitVarDef(Lcom/sun/tools/javac/tree/JCTree$JCVariableDecl;)V @ 59 c2
Event: 22.065 Thread 0x00000170926eeb00 DEOPT PACKING pc=0x00000170a3bdceec sp=0x00000037472fd410
Event: 22.065 Thread 0x00000170926eeb00 DEOPT UNPACKING pc=0x00000170a2d269a3 sp=0x00000037472fd3b0 mode 2
Event: 22.065 Thread 0x00000170926eeb00 Uncommon trap: trap_request=0xffffff45 fr.pc=0x00000170a3be7718 relative=0x0000000000000518
Event: 22.065 Thread 0x00000170926eeb00 Uncommon trap: reason=unstable_if action=reinterpret pc=0x00000170a3be7718 method=com.sun.tools.javac.comp.Attr$TypeAnnotationsValidator.visitMethodDef(Lcom/sun/tools/javac/tree/JCTree$JCMethodDecl;)V @ 80 c2
Event: 22.066 Thread 0x00000170926eeb00 DEOPT PACKING pc=0x00000170a3be7718 sp=0x00000037472fd400
Event: 22.066 Thread 0x00000170926eeb00 DEOPT UNPACKING pc=0x00000170a2d269a3 sp=0x00000037472fd3b0 mode 2

Classes loaded (20 events):
Event: 4.929 Loading class java/util/Vector$1
Event: 4.929 Loading class java/util/Vector$1 done
Event: 4.932 Loading class java/io/PushbackInputStream
Event: 4.932 Loading class java/io/PushbackInputStream done
Event: 5.063 Loading class java/util/Collections$UnmodifiableSortedSet
Event: 5.064 Loading class java/util/Collections$UnmodifiableSortedSet done
Event: 5.074 Loading class java/util/IdentityHashMap$EntrySet
Event: 5.074 Loading class java/util/IdentityHashMap$EntrySet done
Event: 5.074 Loading class java/util/IdentityHashMap$EntryIterator
Event: 5.075 Loading class java/util/IdentityHashMap$EntryIterator done
Event: 5.075 Loading class java/util/IdentityHashMap$EntryIterator$Entry
Event: 5.075 Loading class java/util/IdentityHashMap$EntryIterator$Entry done
Event: 5.395 Loading class java/util/regex/Pattern$SliceI
Event: 5.395 Loading class java/util/regex/Pattern$SliceI done
Event: 5.397 Loading class java/util/regex/Pattern$Loop
Event: 5.397 Loading class java/util/regex/Pattern$Loop done
Event: 5.398 Loading class java/util/regex/Pattern$Prolog
Event: 5.398 Loading class java/util/regex/Pattern$Prolog done
Event: 5.430 Loading class java/util/regex/Pattern$LazyLoop
Event: 5.430 Loading class java/util/regex/Pattern$LazyLoop done

Classes unloaded (0 events):
No events

Classes redefined (0 events):
No events

Internal exceptions (20 events):
Event: 4.777 Thread 0x00000170926eeb00 Implicit null exception at 0x00000170a3608f6b to 0x00000170a3609140
Event: 5.123 Thread 0x00000170926eeb00 Implicit null exception at 0x00000170a369b89c to 0x00000170a369be5c
Event: 5.422 Thread 0x00000170926eeb00 Implicit null exception at 0x00000170a369574f to 0x00000170a3695898
Event: 6.623 Thread 0x00000170926eeb00 Implicit null exception at 0x00000170a38486b7 to 0x00000170a3848fbf
Event: 10.827 Thread 0x00000170926eeb00 Exception <a 'sun/nio/fs/WindowsException'{0x000000071c3f5570}> (0x000000071c3f5570) 
thrown [s\src\hotspot\share\prims\jni.cpp, line 516]
Event: 10.827 Thread 0x00000170926eeb00 Exception <a 'sun/nio/fs/WindowsException'{0x000000071c3f5fa8}> (0x000000071c3f5fa8) 
thrown [s\src\hotspot\share\prims\jni.cpp, line 516]
Event: 10.827 Thread 0x00000170926eeb00 Exception <a 'sun/nio/fs/WindowsException'{0x000000071c3f6ac8}> (0x000000071c3f6ac8) 
thrown [s\src\hotspot\share\prims\jni.cpp, line 516]
Event: 10.958 Thread 0x00000170926eeb00 Implicit null exception at 0x00000170a38e97a0 to 0x00000170a38eaf98
Event: 10.958 Thread 0x00000170926eeb00 Implicit null exception at 0x00000170a3a3cdae to 0x00000170a3a3db18
Event: 10.958 Thread 0x00000170926eeb00 Implicit null exception at 0x00000170a3a12bee to 0x00000170a3a14640
Event: 10.977 Thread 0x00000170926eeb00 Implicit null exception at 0x00000170a3a21e8c to 0x00000170a3a22590
Event: 15.529 Thread 0x00000170926eeb00 Exception <a 'sun/nio/fs/WindowsException'{0x00000007217bc008}> (0x00000007217bc008) 
thrown [s\src\hotspot\share\prims\jni.cpp, line 516]
Event: 15.529 Thread 0x00000170926eeb00 Exception <a 'sun/nio/fs/WindowsException'{0x00000007217bca40}> (0x00000007217bca40) 
thrown [s\src\hotspot\share\prims\jni.cpp, line 516]
Event: 15.529 Thread 0x00000170926eeb00 Exception <a 'sun/nio/fs/WindowsException'{0x00000007217bd560}> (0x00000007217bd560) 
thrown [s\src\hotspot\share\prims\jni.cpp, line 516]
Event: 16.392 Thread 0x00000170926eeb00 Exception <a 'sun/nio/fs/WindowsException'{0x000000072e503648}> (0x000000072e503648) 
thrown [s\src\hotspot\share\prims\jni.cpp, line 516]
Event: 16.392 Thread 0x00000170926eeb00 Exception <a 'sun/nio/fs/WindowsException'{0x000000072e504080}> (0x000000072e504080) 
thrown [s\src\hotspot\share\prims\jni.cpp, line 516]
Event: 16.400 Thread 0x00000170926eeb00 Exception <a 'sun/nio/fs/WindowsException'{0x000000072e504ba0}> (0x000000072e504ba0) 
thrown [s\src\hotspot\share\prims\jni.cpp, line 516]
Event: 17.726 Thread 0x00000170926eeb00 Exception <a 'sun/nio/fs/WindowsException'{0x000000071f894648}> (0x000000071f894648) 
thrown [s\src\hotspot\share\prims\jni.cpp, line 516]
Event: 17.726 Thread 0x00000170926eeb00 Exception <a 'sun/nio/fs/WindowsException'{0x000000071f895080}> (0x000000071f895080) 
thrown [s\src\hotspot\share\prims\jni.cpp, line 516]
Event: 17.727 Thread 0x00000170926eeb00 Exception <a 'sun/nio/fs/WindowsException'{0x000000071f895ba0}> (0x000000071f895ba0) 
thrown [s\src\hotspot\share\prims\jni.cpp, line 516]

VM Operations (20 events):
Event: 17.108 Executing VM operation: Cleanup
Event: 17.456 Executing VM operation: Cleanup done
Event: 17.741 Executing VM operation: G1CollectForAllocation
Event: 17.757 Executing VM operation: G1CollectForAllocation done
Event: 18.765 Executing VM operation: Cleanup
Event: 19.873 Executing VM operation: Cleanup done
Event: 20.891 Executing VM operation: Cleanup
Event: 20.931 Executing VM operation: Cleanup done
Event: 20.942 Executing VM operation: HandshakeAllThreads
Event: 20.945 Executing VM operation: HandshakeAllThreads done
Event: 20.946 Executing VM operation: HandshakeAllThreads
Event: 20.946 Executing VM operation: HandshakeAllThreads done
Event: 20.972 Executing VM operation: HandshakeAllThreads
Event: 21.024 Executing VM operation: HandshakeAllThreads done
Event: 22.024 Executing VM operation: Cleanup
Event: 22.042 Executing VM operation: Cleanup done
Event: 22.065 Executing VM operation: HandshakeAllThreads
Event: 22.065 Executing VM operation: HandshakeAllThreads done
Event: 23.078 Executing VM operation: Cleanup
Event: 23.087 Executing VM operation: Cleanup done

Memory protections (0 events):
No events

Nmethod flushes (20 events):
Event: 23.087 Thread 0x00000170b8492dc0 flushing  nmethod 0x000001709bee8a10
Event: 23.087 Thread 0x00000170b8492dc0 flushing  nmethod 0x000001709bef1a90
Event: 23.087 Thread 0x00000170b8492dc0 flushing  nmethod 0x000001709bf04310
Event: 23.087 Thread 0x00000170b8492dc0 flushing  nmethod 0x000001709bf04810
Event: 23.087 Thread 0x00000170b8492dc0 flushing  nmethod 0x000001709bf36d90
Event: 23.087 Thread 0x00000170b8492dc0 flushing  nmethod 0x000001709bf37690
Event: 23.087 Thread 0x00000170b8492dc0 flushing  nmethod 0x000001709bf38190
Event: 23.087 Thread 0x00000170b8492dc0 flushing  nmethod 0x000001709bf38890
Event: 23.087 Thread 0x00000170b8492dc0 flushing  nmethod 0x000001709bf8aa10
Event: 23.087 Thread 0x00000170b8492dc0 flushing  nmethod 0x000001709bfbd310
Event: 23.088 Thread 0x00000170b8492dc0 flushing  nmethod 0x000001709bfd5310
Event: 23.088 Thread 0x00000170b8492dc0 flushing  nmethod 0x000001709bfe0e10
Event: 23.088 Thread 0x00000170b8492dc0 flushing  nmethod 0x000001709c00aa10
Event: 23.089 Thread 0x00000170b8492dc0 flushing  nmethod 0x000001709c03db90
Event: 23.089 Thread 0x00000170b8492dc0 flushing  nmethod 0x000001709c045390
Event: 23.089 Thread 0x00000170b8492dc0 flushing  nmethod 0x000001709c050110
Event: 23.089 Thread 0x00000170b8492dc0 flushing  nmethod 0x000001709c05d290
Event: 23.089 Thread 0x00000170b8492dc0 flushing  nmethod 0x000001709c065f10
Event: 23.089 Thread 0x00000170b8492dc0 flushing  nmethod 0x000001709c078290
Event: 23.089 Thread 0x00000170b8492dc0 flushing  nmethod 0x000001709c079e90

Events (20 events):
Event: 8.599 Thread 0x00000170b851bd00 Thread exited: 0x00000170b851bd00
Event: 10.721 Thread 0x00000170b851a7c0 Thread added: 0x0000017082297f80
Event: 10.768 Thread 0x00000170b851d240 Thread added: 0x0000017082299a10
Event: 10.768 Thread 0x00000170b851c250 Thread exited: 0x00000170b851c250
Event: 10.781 Thread 0x00000170b851a7c0 Thread exited: 0x00000170b851a7c0
Event: 10.980 Thread 0x00000170b851d240 Thread added: 0x00000170822964f0
Event: 10.980 Thread 0x00000170b851d240 Thread added: 0x00000170822984d0
Event: 10.980 Thread 0x00000170b851d240 Thread added: 0x0000017082298a20
Event: 10.984 Thread 0x00000170b851d240 Thread added: 0x0000017082295fa0
Event: 10.986 Thread 0x00000170b851d240 Thread added: 0x0000017082298f70
Event: 14.114 Thread 0x00000170b851d240 Thread exited: 0x00000170b851d240
Event: 15.527 Thread 0x00000170b847a490 Thread added: 0x0000017082296f90
Event: 15.644 Thread 0x0000017082298f70 Thread exited: 0x0000017082298f70
Event: 15.730 Thread 0x0000017082295fa0 Thread exited: 0x0000017082295fa0
Event: 15.730 Thread 0x0000017082298a20 Thread exited: 0x0000017082298a20
Event: 15.733 Thread 0x00000170822984d0 Thread exited: 0x00000170822984d0
Event: 16.047 Thread 0x00000170822964f0 Thread exited: 0x00000170822964f0
Event: 17.495 Thread 0x0000017082296f90 Thread exited: 0x0000017082296f90
Event: 20.947 Thread 0x00000170b7b66260 Thread added: 0x00000170822964f0
Event: 20.948 Thread 0x00000170b7b66260 Thread added: 0x0000017082296a40


Dynamic libraries:
0x00007ff704610000 - 0x00007ff70461e000 	C:\Program Files\Eclipse Adoptium\jdk-17.0.17.10-hotspot\bin\java.exe
0x00007ff999d60000 - 0x00007ff999fc7000 	C:\WINDOWS\SYSTEM32\ntdll.dll
0x00007ff998a60000 - 0x00007ff998b29000 	C:\WINDOWS\System32\KERNEL32.DLL
0x00007ff9966f0000 - 0x00007ff996ae4000 	C:\WINDOWS\System32\KERNELBASE.dll
0x00007ff996dc0000 - 0x00007ff996f0b000 	C:\WINDOWS\System32\ucrtbase.dll
0x00007ff993ac0000 - 0x00007ff993ad8000 	C:\Program Files\Eclipse Adoptium\jdk-17.0.17.10-hotspot\bin\jli.dll
0x00007ff9939b0000 - 0x00007ff9939ce000 	C:\Program Files\Eclipse Adoptium\jdk-17.0.17.10-hotspot\bin\VCRUNTIME140.dll
0x00007ff999060000 - 0x00007ff999225000 	C:\WINDOWS\System32\USER32.dll
0x00007ff996f10000 - 0x00007ff996f37000 	C:\WINDOWS\System32\win32u.dll
0x00007ff997ce0000 - 0x00007ff997d0b000 	C:\WINDOWS\System32\GDI32.dll
0x00007ff997840000 - 0x00007ff99796b000 	C:\WINDOWS\System32\gdi32full.dll
0x00007ff996af0000 - 0x00007ff996b93000 	C:\WINDOWS\System32\msvcp_win.dll
0x00007ff975fd0000 - 0x00007ff976263000 	C:\WINDOWS\WinSxS\amd64_microsoft.windows.common-controls_6595b64144ccf1df_6.0.26100.8115_none_3e075c82e3354f9c\COMCTL32.dll
0x00007ff998eb0000 - 0x00007ff998f59000 	C:\WINDOWS\System32\msvcrt.dll
0x00007ff9989a0000 - 0x00007ff9989d2000 	C:\WINDOWS\System32\IMM32.DLL
0x00007ff993bd0000 - 0x00007ff993bdc000 	C:\Program Files\Eclipse Adoptium\jdk-17.0.17.10-hotspot\bin\vcruntime140_1.dll
0x00007ff975610000 - 0x00007ff97569d000 	C:\Program Files\Eclipse Adoptium\jdk-17.0.17.10-hotspot\bin\msvcp140.dll
0x00007ff8c8670000 - 0x00007ff8c92db000 	C:\Program Files\Eclipse Adoptium\jdk-17.0.17.10-hotspot\bin\server\jvm.dll
0x00007ff999230000 - 0x00007ff9992e6000 	C:\WINDOWS\System32\ADVAPI32.dll
0x00007ff997e70000 - 0x00007ff997f17000 	C:\WINDOWS\System32\sechost.dll
0x00007ff997b30000 - 0x00007ff997c48000 	C:\WINDOWS\System32\RPCRT4.dll
0x00007ff998f60000 - 0x00007ff998fe0000 	C:\WINDOWS\System32\WS2_32.dll
0x00007ff995d80000 - 0x00007ff995dde000 	C:\WINDOWS\SYSTEM32\POWRPROF.dll
0x00007ff993780000 - 0x00007ff9937b6000 	C:\WINDOWS\SYSTEM32\WINMM.dll
0x00007ff986490000 - 0x00007ff98649b000 	C:\WINDOWS\SYSTEM32\VERSION.dll
0x00007ff995d60000 - 0x00007ff995d74000 	C:\WINDOWS\SYSTEM32\UMPDC.dll
0x00007ff9953c0000 - 0x00007ff9953db000 	C:\WINDOWS\SYSTEM32\kernel.appcore.dll
0x00007ff993ab0000 - 0x00007ff993aba000 	C:\Program Files\Eclipse Adoptium\jdk-17.0.17.10-hotspot\bin\jimage.dll
0x00007ff9944a0000 - 0x00007ff9946e2000 	C:\WINDOWS\SYSTEM32\DBGHELP.DLL
0x00007ff999970000 - 0x00007ff999cf2000 	C:\WINDOWS\System32\combase.dll
0x00007ff998dd0000 - 0x00007ff998ea8000 	C:\WINDOWS\System32\OLEAUT32.dll
0x00007ff974950000 - 0x00007ff97498b000 	C:\WINDOWS\SYSTEM32\dbgcore.DLL
0x00007ff996d10000 - 0x00007ff996db5000 	C:\WINDOWS\System32\bcryptPrimitives.dll
0x00007ff96eb10000 - 0x00007ff96eb35000 	C:\Program Files\Eclipse Adoptium\jdk-17.0.17.10-hotspot\bin\java.dll
0x00007ff961320000 - 0x00007ff9613f7000 	C:\Program Files\Eclipse Adoptium\jdk-17.0.17.10-hotspot\bin\jsvml.dll
0x00007ff9981c0000 - 0x00007ff998927000 	C:\WINDOWS\System32\SHELL32.dll
0x00007ff996ba0000 - 0x00007ff996d0a000 	C:\WINDOWS\System32\wintypes.dll
0x00007ff996fd0000 - 0x00007ff997838000 	C:\WINDOWS\System32\windows.storage.dll
0x00007ff9992f0000 - 0x00007ff9993e8000 	C:\WINDOWS\System32\SHCORE.dll
0x00007ff998930000 - 0x00007ff998996000 	C:\WINDOWS\System32\shlwapi.dll
0x00007ff996550000 - 0x00007ff996579000 	C:\WINDOWS\SYSTEM32\profapi.dll
0x00007ff985bd0000 - 0x00007ff985bea000 	C:\Program Files\Eclipse Adoptium\jdk-17.0.17.10-hotspot\bin\net.dll
0x00007ff989400000 - 0x00007ff98952d000 	C:\WINDOWS\SYSTEM32\WINHTTP.dll
0x00007ff9959a0000 - 0x00007ff995a0c000 	C:\WINDOWS\system32\mswsock.dll
0x00007ff981bc0000 - 0x00007ff981bd6000 	C:\Program Files\Eclipse Adoptium\jdk-17.0.17.10-hotspot\bin\nio.dll
0x00007ff980980000 - 0x00007ff980998000 	C:\Program Files\Eclipse Adoptium\jdk-17.0.17.10-hotspot\bin\zip.dll
0x00007ff96e6b0000 - 0x00007ff96e6d4000 	C:\Program Files\Apache\apache-maven-3.9.11\lib\jansi-native\Windows\x86_64\jansi.dll
0x00007ff9939a0000 - 0x00007ff9939b0000 	C:\Program Files\Eclipse Adoptium\jdk-17.0.17.10-hotspot\bin\verify.dll

dbghelp: loaded successfully - version: 4.0.5 - missing functions: none
symbol engine: initialized successfully - sym options: 0x614 - pdb path: .;C:\Program Files\Eclipse Adoptium\jdk-17.0.17.10-hotspot\bin;C:\WINDOWS\SYSTEM32;C:\WINDOWS\WinSxS\amd64_microsoft.windows.common-controls_6595b64144ccf1df_6.0.26100.8115_none_3e075c82e3354f9c;C:\Program Files\Eclipse Adoptium\jdk-17.0.17.10-hotspot\bin\server;C:\Program Files\Apache\apache-maven-3.9.11\lib\jansi-native\Windows\x86_64

VM Arguments:
jvm_args: --enable-native-access=ALL-UNNAMED -Dclassworlds.conf=C:\Program Files\Apache\apache-maven-3.9.11\bin\m2.conf -Dmaven.home=C:\Program Files\Apache\apache-maven-3.9.11 -Dlibrary.jansi.path=C:\Program Files\Apache\apache-maven-3.9.11\lib\jansi-native -Dmaven.multiModuleProjectDirectory=C:\Users\Devansh\Desktop\ITR-FilingWebsite-main\ITR-FilingWebsite-main\backend 
java_command: org.codehaus.plexus.classworlds.launcher.Launcher compile -q
java_class_path (initial): C:\Program Files\Apache\apache-maven-3.9.11\boot\plexus-classworlds-2.9.0.jar
Launcher Type: SUN_STANDARD

[Global flags]
     intx CICompilerCount                          = 12                                        {product} {ergonomic}
     uint ConcGCThreads                            = 4                                         {product} {ergonomic}
     uint G1ConcRefinementThreads                  = 16                                        {product} {ergonomic}
   size_t G1HeapRegionSize                         = 2097152                                   {product} {ergonomic}
    uintx GCDrainStackTargetSize                   = 64                                        {product} {ergonomic}
   size_t InitialHeapSize                          = 262144000                                 {product} {ergonomic}
   size_t MarkStackSize                            = 4194304                                   {product} {ergonomic}
   size_t MaxHeapSize                              = 4192206848                                {product} {ergonomic}
   size_t MaxNewSize                               = 2514485248                                {product} {ergonomic}
   size_t MinHeapDeltaBytes                        = 2097152                                   {product} {ergonomic}
   size_t MinHeapSize                              = 8388608                                   {product} {ergonomic}
    uintx NonNMethodCodeHeapSize                   = 7602480                                {pd product} {ergonomic}
    uintx NonProfiledCodeHeapSize                  = 122027880                              {pd product} {ergonomic}
    uintx ProfiledCodeHeapSize                     = 122027880                              {pd product} {ergonomic}
    uintx ReservedCodeCacheSize                    = 251658240                              {pd product} {ergonomic}
     bool SegmentedCodeCache                       = true                                      {product} {ergonomic}
   size_t SoftMaxHeapSize                          = 4192206848                             {manageable} {ergonomic}
     bool UseCompressedClassPointers               = true                           {product lp64_product} {ergonomic}
     bool UseCompressedOops                        = true                           {product lp64_product} {ergonomic}
     bool UseG1GC                                  = true                                      {product} {ergonomic}
     bool UseLargePagesIndividualAllocation        = false                                  {pd product} {ergonomic}

Logging:
Log output configuration:
 #0: stdout all=warning uptime,level,tags
 #1: stderr all=off uptime,level,tags

Environment Variables:
JAVA_HOME=C:\Program Files\Eclipse Adoptium\jdk-17.0.17.10-hotspot
PATH=C:\Users\Devansh\.factory\bin;C:\Program Files\Eclipse Adoptium\jdk-17.0.17.10-hotspot\bin;C:\Program Files\Python314\Scripts\;C:\Program Files\Python314\;C:\Program Files\Common Files\Oracle\Java\javapath;C:\WINDOWS\system32;C:\WINDOWS;C:\WINDOWS\System32\Wbem;C:\WINDOWS\System32\WindowsPowerShell\v1.0\;C:\WINDOWS\System32\OpenSSH\;C:\Program Files (x86)\NVIDIA Corporation\PhysX\Common;C:\Program Files\Git\cmd;C:\ProgramData\chocolatey\bin;C:\Program Files\MySQL\MySQL Server 8.0\bin;C:\Program Files\Python312;c:\Users\Devansh\AppData\Local\Programs\cursor\resources\app\bin;c:\Users\Devansh\AppData\Local\Programs\cursor\resources\app\bin;c:\Users\Devansh\AppData\Local\Programs\cursor\resources\app\bin;C:\MinGW\bin;C:\Program Files\Java\jdk-24\bin;C:\Program Files\MySQL\MySQL Server 8.0\bin;C:\Program Files\NVIDIA Corporation\NVIDIA App\NvDLISR;C:\Program Files\nodejs\;C:\Program Files\Docker\Docker\resources\bin;C:\Program Files\dotnet\;C:\Program Files\NASM;C:\Program Files\MySQL\MySQL Shell 8.0\bin\;C:\Users\Devansh\AppData\Local\Programs\Eclipse Adoptium\jdk-21.0.4.7-hotspot\bin;C:\Users\Devansh\AppData\Local\Microsoft\WindowsApps;C:\Users\Devansh\AppData\Local\Programs\Microsoft VS Code\bin;C:\Users\Devansh\AppData\Roaming\Python\Python312\Scripts;C:\Program Files\Python312\python.exe;C:\Users\Devansh\AppData\Local\Microsoft\WindowsApps\python.exe;C:\Users\Devansh\AppData\Local\Programs\cursor\resources\app\bin;C:\Users\Devansh\AppData\Roaming\npm;C:\Users\Devansh\AppData\Local\Programs\Ollama;C:\Program Files\Tesseract-OCR;C:\Users\Devansh\AppData\Local\Programs\mongosh\;C:\Users\Devansh\AppData\Local\Microsoft\WinGet\Packages\oschwartz10612.Poppler_Microsoft.Winget.Source_8wekyb3d8bbwe\poppler-25.07.0/Library/bin;C:\Users\Devansh\AppData\Local\Programs\Kiro\bin;C:\Program Files\Apache\apache-maven-3.9.11\bin;C:\Program Files (x86)\cloudflared\;C:\Program Files\swipl\bin;C:\Program Files\MySQL\MySQL Shell 8.0\bin\;C:\Users\Devansh\AppData\Local\Programs\Eclipse Adoptium\jdk-21.0.4.7-hotspot\bin;C:\Users\Devansh\AppData\Local\Microsoft\WindowsApps;C:\Users\Devansh\AppData\Local\Programs\Microsoft VS Code\bin;C:\Users\Devansh\AppData\Roaming\Python\Python312\Scripts;C:\Program Files\Python312\python.exe;C:\Users\Devansh\AppData\Local\Microsoft\WindowsApps\python.exe;C:\Users\Devansh\AppData\Local\Programs\cursor\resources\app\bin;C:\MinGW\bin;C:\Users\Devansh\AppData\Roaming\npm;C:\Users\Devansh\AppData\Local\Programs\Ollama;C:\Program Files\Tesseract-OCR;C:\Users\Devansh\AppData\Local\Programs\mongosh\;C:\Users\Devansh\AppData\Local\Microsoft\WinGet\Packages\oschwartz10612.Poppler_Microsoft.Winget.Source_8wekyb3d8bbwe\poppler-25.07.0/Library/bin;C:\Users\Devansh\AppData\Local\Programs\Kiro\bin;C:\Users\Devansh\AppData\Local\Microsoft\WinGet\Packages\Ngrok.Ngrok_Microsoft.Winget.Source_8wekyb3d8bbwe;;C:\Users\Devansh\AppData\Local\Programs\Antigravity\bin;C:\Users\Devansh\bin
USERNAME=Devansh
OS=Windows_NT
PROCESSOR_IDENTIFIER=Intel64 Family 6 Model 170 Stepping 4, GenuineIntel
TMP=C:\Users\Devansh\AppData\Local\Temp
TEMP=C:\Users\Devansh\AppData\Local\Temp



Periodic native trim disabled


---------------  S Y S T E M  ---------------

OS:
 Windows 11 , 64 bit Build 26100 (10.0.26100.8246)
OS uptime: 34 days 18:05 hours
Hyper-V role detected

CPU: total 22 (initial active 22) (11 cores per cpu, 2 threads per core) family 6 model 170 stepping 4 microcode 0x24, cx8, cmov, fxsr, ht, mmx, 3dnowpref, sse, sse2, sse3, ssse3, sse4.1, sse4.2, popcnt, lzcnt, tsc, tscinvbit, avx, avx2, aes, erms, clmul, bmi1, bmi2, adx, sha, fma, vzeroupper, clflush, clflushopt, clwb, hv
Processor Information for processor 0
  Max Mhz: 1400, Current Mhz: 1400, Mhz Limit: 1400
Processor Information for processor 1
  Max Mhz: 1400, Current Mhz: 1400, Mhz Limit: 1400
Processor Information for processor 2
  Max Mhz: 900, Current Mhz: 900, Mhz Limit: 900
Processor Information for processor 3
  Max Mhz: 900, Current Mhz: 900, Mhz Limit: 900
Processor Information for processor 4
  Max Mhz: 900, Current Mhz: 900, Mhz Limit: 900
Processor Information for processor 5
  Max Mhz: 900, Current Mhz: 900, Mhz Limit: 900
Processor Information for processor 6
  Max Mhz: 900, Current Mhz: 900, Mhz Limit: 900
Processor Information for processor 7
  Max Mhz: 900, Current Mhz: 900, Mhz Limit: 900
Processor Information for processor 8
  Max Mhz: 900, Current Mhz: 900, Mhz Limit: 900
Processor Information for processor 9
  Max Mhz: 900, Current Mhz: 900, Mhz Limit: 900
Processor Information for processor 10
  Max Mhz: 1400, Current Mhz: 1400, Mhz Limit: 1400
Processor Information for processor 11
  Max Mhz: 1400, Current Mhz: 1400, Mhz Limit: 1400
Processor Information for processor 12
  Max Mhz: 1400, Current Mhz: 1400, Mhz Limit: 1400
Processor Information for processor 13
  Max Mhz: 1400, Current Mhz: 1400, Mhz Limit: 1400
Processor Information for processor 14
  Max Mhz: 1400, Current Mhz: 1400, Mhz Limit: 1400
Processor Information for processor 15
  Max Mhz: 1400, Current Mhz: 1400, Mhz Limit: 1400
Processor Information for processor 16
  Max Mhz: 1400, Current Mhz: 1400, Mhz Limit: 1400
Processor Information for processor 17
  Max Mhz: 1400, Current Mhz: 1400, Mhz Limit: 1400
Processor Information for processor 18
  Max Mhz: 1400, Current Mhz: 1400, Mhz Limit: 1400
Processor Information for processor 19
  Max Mhz: 1400, Current Mhz: 1400, Mhz Limit: 1400
Processor Information for processor 20
  Max Mhz: 700, Current Mhz: 700, Mhz Limit: 700
Processor Information for processor 21
  Max Mhz: 700, Current Mhz: 700, Mhz Limit: 700

Memory: 4k page, system-wide physical 15989M (1100M free)
TotalPageFile size 65141M (AvailPageFile size 188M)
current process WorkingSet (physical memory assigned to process): 1004M, peak: 1022M
current process commit charge ("private bytes"): 1077M, peak: 1095M

vm_info: OpenJDK 64-Bit Server VM (17.0.17+10) for windows-amd64 JRE (17.0.17+10), built on Oct 21 2025 23:25:32 by "admin" with unknown MS VC++:1942

END.
